dci2	score	substance	code	manu
CABOZANTINIB	8.281385	cabozantinib	98546	same
DEXTRAN	7.875921	dextran 40	2968	hasform
DEXTRAN	7.875921	dextran 60	23779	hasform
DEXTRAN	7.875921	dextran 70	17426	hasform
INSULINE HUMAINE RECOMBINANTE ZINC CRISTALLINE	6.4750705	insuline humaine recombinante zinc cristalline	75951	same
INSULINE HUMAINE RECOMBINANTE ISOPHANE BIPHASIQUE	6.4744973	insuline humaine recombinante isophane biphasique	62132	same
INSULINE HUMAINE RECOMBINANTE ISOPHANE	6.312295	insuline humaine recombinante isophane	39488	same
INSULINE ASPARTE ISOPHANE BIPHASIQUE	6.253959	insuline asparte recombinante isophane biphasique	24630	same
ACIDE FOLINIQUE	6.101536	acide folinique	90673	same
INSULINE HUMAINE RECOMBINANTE ZINC	6.03357	insuline humaine recombinante zinc	84517	same
MYCOPHENOLATE MOFETIL	5.958403	mycophenolate mofetil  chlorhydrate de 	82477	hasform
TENOFOVIR DISOPROXIL	5.8558235	fumarate de tenofovir disoproxil	89901	hasform
TENOFOVIR DISOPROXIL	5.8558235	tenofovir disoproxil  fumarate de 	89901	hasform
INSULINE HUMAINE RECOMBINANTE ISOPHANE	5.523258	insuline humaine recombinante isophane biphasique	62132	hasform
ADEFOVIR	5.3556676	adefovir dipivoxil	56132	hasform
BOSUTINIB	5.3556676	bosutinib monohydrate	87288	hasform
CEFALOTINE	5.3556676	cefalotine sodique	503	hasform
CEFOPERAZONE	5.3556676	cefoperazone sodique	28107	hasform
CEFOTETAN	5.3556676	cefotetan sodique	21156	hasform
CYANOCOBALAMINE	5.3556676	cyanocobalamine  57co 	22380	hasform
DICLOXACILLINE	5.3556676	dicloxacilline sodique	1655	hasform
DOLUTEGRAVIR	5.3556676	dolutegravir sodique	41060	hasform
ELTROMBOPAG	5.3556676	eltrombopag olamine	27173	hasform
EPOPROSTENOL	5.3556676	epoprostenol sodique	92529	hasform
ERTAPENEM	5.3556676	ertapenem sodique	52977	hasform
FENOPROFENE	5.3556676	fenoprofene calcium	64768	hasform
FOSAMPRENAVIR	5.3556676	fosamprenavir calcique	31174	hasform
FOSINOPRIL	5.3556676	fosinopril sodique	39196	hasform
GANCICLOVIR	5.3556676	ganciclovir sodique	8476	hasform
LAMIVUDINE	5.3556676	lamivudine 0 2 hydrate	48059	hasform
LEVOFLOXACINE	5.3556676	levofloxacine hemihydratee	60077	hasform
LOSARTAN	5.3556676	losartan potassique	48528	hasform
MAGALDRATE	5.3556676	magaldrate anhydre	25754	hasform
METHENAMINE	5.3556676	anhydromethylenecitrate methenamine	5042	hasform
METHOTREXATE	5.3556676	methotrexate disodique	30849	hasform
NAPROXENE	5.3556676	naproxene sodique	12855	hasform
OXATOMIDE	5.3556676	oxatomide monohydrate	25029	hasform
PARECOXIB	5.3556676	parecoxib sodique	50124	hasform
PEMETREXED	5.3556676	pemetrexed disodique	62047	hasform
PHENOBARBITAL	5.3556676	phenobarbital sodique	2826	hasform
PHENYLBUTAZONE	5.3556676	phenylbutazone piperazine	429	hasform
PHENYTOINE	5.3556676	phenytoine sodique	381	hasform
PITAVASTATINE	5.3556676	pitavastatine calcique	39413	hasform
PRUCALOPRIDE	5.3556676	prucalopride succinate	93564	hasform
RALTEGRAVIR	5.3556676	raltegravir potassique	73622	hasform
REGORAFENIB	5.3556676	regorafenib monohydrate	77850	hasform
RIFAMPICINE	5.3556676	rifampicine sodique	22748	hasform
SIMEPREVIR	5.3556676	simeprevir sodique	49272	hasform
TERPINEOL	5.3556676	alpha terpineol	5229	part
TORASEMIDE	5.3556676	torasemide sodique	32258	hasform
ZOFENOPRIL	5.3556676	zofenopril calcique	66422	hasform
CICLOPIROX	5.3556676	ciclopirox olamine	30911	hasform
SULFADIAZINE	5.3556676	sulfadiazine argentique	617	hasform
SULFAGUANIDINE	5.3556676	sulfaguanidine hydratee	27539	hasform
DORIPENEM	5.3556676	doripenem monohydrate	38150	hasform
ACEPROMAZINE	5.3556676	acepromazine base	98020	same
ACEPROMETAZINE	5.3556676	aceprometazine base	28159	same
AMIFOSTINE	5.3556676	amifostine trihydratee	89627	hasform
APOMORPHINE	5.3556676	apomorphine base	26824	same
CIDOFOVIR	5.3556676	cidofovir dihydrate	72714	hasform
ENOXACINE	5.3556676	enoxacine anhydre	30195	hasform
IMIDAPRIL	5.3556676	imidapril base	83177	same
IMIPENEM	5.3556676	imipenem anhydre	49385	hasform
INDORAMINE	5.3556676	indoramine base	66367	same
IPRONIAZIDE	5.3556676	iproniazide base	86088	same
NEVIRAPINE	5.3556676	nevirapine hemihydratee	18426	hasform
OXYBUTYNINE	5.3556676	oxybutynine base	51254	same
TICARCILLINE	5.3556676	ticarcilline sodique	28408	hasform
OLSALAZINE	5.3556676	olsalazine base	73141	same
OXACILLINE	5.3556676	oxacilline base	27707	same
INSULINE HUMAINE RECOMBINANTE ZINC	5.2793736	insuline humaine recombinante zinc cristalline	75951	hasform
INSULINE HUMAINE RECOMBINANTE ZINC	5.2793736	insuline humaine recombinante zinc amorphe	41469	hasform
INSULINE HUMAINE RECOMBINANTE	5.2185125	insuline humaine recombinante isophane	39488	hasform
INSULINE HUMAINE RECOMBINANTE	5.2185125	insuline humaine recombinante	15988	same
INSULINE HUMAINE RECOMBINANTE	5.2185125	insuline humaine recombinante zinc	84517	hasform
INSULINE HUMAINE RECOMBINANTE	5.2185125	insuline humaine recombinante neutre	93709	hasform
INSULINE HUMAINE RECOMBINANTE	5.2185125	insuline humaine recombinante soluble	93709	hasform
BOSENTAN	5.175866	bosentan monohydrate	74217	hasform
CAFEINE	5.175866	cafeine monohydratee	3093	hasform
CILAZAPRIL	5.175866	cilazapril monohydrate	15755	hasform
CYCLOPHOSPHAMIDE	5.175866	cyclophosphamide anhydre	77405	hasform
DOCETAXEL	5.175866	docetaxel trihydrate	5376	hasform
FLUVASTATINE	5.175866	fluvastatine sodique	55705	hasform
LISINOPRIL	5.175866	lisinopril dihydrate	60255	hasform
MEROPENEM	5.175866	meropenem trihydrate	59983	hasform
METHYLDOPA	5.175866	methyldopa anhydre	34537	hasform
MONTELUKAST	5.175866	montelukast sodique	86162	hasform
OMEPRAZOLE	5.175866	omeprazole magnesium	58713	hasform
OMEPRAZOLE	5.175866	omeprazole sodique	83438	hasform
ROSUVASTATINE	5.175866	rosuvastatine zincique	18244	hasform
ROSUVASTATINE	5.175866	rosuvastatine calcique	26727	hasform
TACROLIMUS	5.175866	tacrolimus monohydrate	98322	hasform
PHENOXYMETHYLPENICILLINE	5.175866	benzathine phenoxymethylpenicilline	3495	hasform
PHENOXYMETHYLPENICILLINE	5.175866	phenoxymethylpenicilline potassique	3504	hasform
PIPERACILLINE	5.175866	piperacilline sodique	19437	hasform
DINITRATE D'ISOSORBIDE	5.0875473	solution de dinitrate d isosorbide	28348	hasform
DINITRATE D'ISOSORBIDE	5.0875473	isosorbide  dinitrate d    solution de 	28348	hasform
INSULINE LISPRO	5.040328	insuline lispro recombinante isophane	67310	hasform
AZITHROMYCINE	5.036401	azithromycine monohydratee	43303	hasform
AZITHROMYCINE	5.036401	azithromycine dihydratee	48539	hasform
CAMPHRE	5.036401	d camphre	15095	hasform
RABEPRAZOLE	5.036401	rabeprazole sodique	73953	hasform
THEOPHYLLINE	5.036401	theophylline monohydratee	655	hasform
AMPICILLINE	5.036401	ampicilline base	84525	same
AMPICILLINE	5.036401	ampicilline anhydre	84525	hasform
AMPICILLINE	5.036401	ampicilline sodique	3158	hasform
BENZYLPENICILLINE	5.036401	benzylpenicilline sodique	5331	hasform
BENZYLPENICILLINE	5.036401	benzylpenicilline procaine	4478	hasform
BENZYLPENICILLINE	5.036401	benzylpenicilline potassique	5332	hasform
PARAFFINE	5.036401	paraffine solide	18620	hasform
CISAPRIDE	5.036401	cisapride anhydre	15205	hasform
POLYMYXINE B	5.025972	polymyxine b  sulfate de 	3434	hasform
POLYMYXINE B	5.025972	sulfate de polymyxine b	3434	hasform
INSULINE PORCINE	4.9677587	insuline porcine hautement purifiee	282	hasform
INTERFERON ALFA	4.942396	interferon alfa 2a	2427	0
AMOXICILLINE	4.9224505	amoxicilline trihydratee	28165	hasform
AMOXICILLINE	4.9224505	amoxicilline sodique	872	hasform
TROMETAMOL	4.9224505	fosfomycine trometamol	65061	hasform
TROMETAMOL	4.9224505	lodoxamide trometamol	97986	hasform
SALMETEROL	4.9224505	salmeterol oxnafoate	93351	hasform
INSULINE ASPARTE	4.8545275	insuline asparte recombinante isophane	51144	hasform
INSULINE ASPARTE	4.8545275	insuline asparte recombinante	69676	hasform
INSULINE ASPARTE	4.8545275	insuline asparte recombinante isophane	54612	hasform
INSULINE ASPARTE	4.8545275	insuline asparte recombinante	82758	hasform
ATORVASTATINE	4.826106	atorvastatine calcique	50091	hasform
CEFTRIAXONE	4.826106	ceftriaxone sodique	30925	hasform
CEFTRIAXONE	4.826106	ceftriaxone disodique	30925	hasform
EPHEDRINE	4.826106	ephedrine hemihydrate	99330	hasform
ESOMEPRAZOLE	4.826106	esomeprazole magnesique	83165	hasform
ESOMEPRAZOLE	4.826106	esomeprazole sodique	44234	hasform
OXYTETRACYCLINE	4.826106	oxytetracycline dihydratee	20651	hasform
PIPERAZINE	4.826106	phenylbutazone piperazine	429	hasform
ALPHA-TOCOPHEROL	4.8133926	alpha tocopherol  acetate d  	3602	hasform
ALPHA-TOCOPHEROL	4.8133926	acetate d alpha tocopherol	3602	hasform
ALPHA-TOCOPHEROL	4.8133926	alpha tocopherol  palmitate d  	4124	hasform
ALPHA-TOCOPHEROL	4.8133926	d alpha tocopherol	71699	hasform
DICLOFENAC	4.742649	diclofenac sodique	37	hasform
DICLOFENAC	4.742649	diclofenac potassique	48613	hasform
ACIDE FUSIDIQUE	4.658645	acide fusidique anhydre	41859	hasform
ERYTHROMYCINE	4.603184	erythromycine dihydratee	98195	hasform
FER	4.603184	fer ferreux	64153	hasform
FER	4.603184	fer ferrique	31694	hasform
FER	4.603184	fer reduit	4431	hasform
ASCORBATE	4.603184	ascorbate ferreux	512	hasform
ACIDE ZOLEDRONIQUE	4.580032	acide zoledronique monohydrate	98588	hasform
ACIDE ZOLEDRONIQUE	4.580032	acide zoledronique hemipentahydrate	56210	hasform
ACIDE ZOLEDRONIQUE	4.580032	acide zoledronique trihydrate	72831	hasform
ACIDE ZOLEDRONIQUE	4.580032	zoledronique  acide  monohydrate	98588	hasform
INSULINE HUMAINE RECOMBINANTE	4.5661983	insuline humaine recombinante isophane biphasique	62132	hasform
DEXAMETHASONE	4.5436153	dexamethasone phosphate	73377	hasform
DOXYCYCLINE	4.5436153	doxycycline monohydratee	7055	hasform
DOXYCYCLINE	4.5436153	doxycycline hydratee	7055	hasform
ESTRADIOL	4.5436153	estradiol hemihydrate	71064	hasform
ESTRADIOL	4.5436153	diundecylate estradiol	1580	hasform
GEL D'HYDROXYDE D'ALUMINIUM ET DE CARBONATE DE MAGNE	4.515943	aluminium  carbonate et hydroxyde d    gel de	23907	0
NICOTINE	4.489233	nicotine polacrilex	30981	hasform
INSULINE LISPRO	4.410287	insuline lispro recombinante isophane biphasique	75353	hasform
INSULINE HUMAINE RECOMBINANTE ISOPHANE BIPHASIQUE	4.3545156	insuline asparte recombinante isophane biphasique	24630	hasform
INSULINE HUMAINE RECOMBINANTE ISOPHANE BIPHASIQUE	4.3545156	insuline lispro recombinante isophane biphasique	75353	hasform
INSULINE HUMAINE RECOMBINANTE ISOPHANE BIPHASIQUE	4.3079095	insuline humaine recombinante isophane	39488	hasform
ALFENTANIL	4.284534	alfentanil  chlorhydrate d  	6166	hasform
ALIMEMAZINE	4.284534	alimemazine  tartrate d  	5762	hasform
ALIZAPRIDE	4.284534	alizapride  chlorhydrate d  	16458	hasform
ANAGRELIDE	4.284534	anagrelide  chlorhydrate d   monohydrate	45102	hasform
AZTREONAM	4.284534	aztreonam de lysine	65045	hasform
BLEOMYCINE	4.284534	sulfate de bleomycine	2952	hasform
CHLORPROMAZINE	4.284534	chlorpromazine  chlorhydrate de 	489	hasform
CISATRACURIUM	4.284534	besilate de cisatracurium	62835	hasform
CLOXACILLINE	4.284534	cloxacilline sodique monohydratee	1362	hasform
CYPROHEPTADINE	4.284534	chlorhydrate de cyproheptadine	3197	hasform
DABRAFENIB	4.284534	mesilate de dabrafenib	95704	hasform
DACARBAZINE	4.284534	citrate de dacarbazine	35048	hasform
DACLATASVIR	4.284534	dichlorhydrate de daclatasvir	35345	hasform
DAPOXETINE	4.284534	chlorhydrate de dapoxetine	83503	hasform
DARIFENACINE	4.284534	bromhydrate de darifenacine	38015	hasform
DARUNAVIR	4.284534	ethanolate de darunavir	39005	hasform
DEXMEDETOMIDINE	4.284534	chlorhydrate de dexmedetomidine	63187	hasform
DEXRAZOXANE	4.284534	chlorhydrate de dexrazoxane	44152	hasform
DEXTROMORAMIDE	4.284534	tartrate de dextromoramide	3227	hasform
DIHYDROCODEINE	4.284534	dihydrocodeine  tartrate de 	6987	hasform
DOXEPINE	4.284534	doxepine  chlorhydrate de 	1755	hasform
DRONEDARONE	4.284534	dronedarone  chlorhydrate de 	78319	hasform
ELETRIPTAN	4.284534	bromhydrate d eletriptan	58382	hasform
EPROSARTAN	4.284534	mesilate d eprosartan	89617	hasform
ERIBULINE	4.284534	mesilate d eribuline	67656	hasform
ERLOTINIB	4.284534	erlotinib  chlorhydrate d  	27387	hasform
ETHINYLESTRADIOL	4.284534	ethinylestradiol betadex clathrate	24247	hasform
ETOPOSIDE	4.284534	etoposide  phosphate d  	26376	hasform
FESOTERODINE	4.284534	fumarate de fesoterodine	39396	hasform
FINGOLIMOD	4.284534	chlorhydrate de fingolimod	97368	hasform
FLUDROCORTISONE	4.284534	acetate de fludrocortisone	3818	hasform
FLURBIPROFENE	4.284534	flurbiprofene sodique dihydrate	17590	hasform
GEMCITABINE	4.284534	chlorhydrate de gemcitabine	40424	hasform
HALOPERIDOL	4.284534	haloperidol  decanoate d  	22338	hasform
HOMATROPINE	4.284534	homatropine  bromhydrate d  	4388	hasform
IBUTILIDE	4.284534	fumarate d ibutilide	58905	hasform
INDOMETACINE	4.284534	indometacine sodique trihydrate	97463	hasform
ISEPAMICINE	4.284534	sulfate d isepamicine	27925	hasform
LAPATINIB	4.284534	ditosilate de lapatinib monohydrate	39890	hasform
LINCOMYCINE	4.284534	lincomycine  chlorhydrate de 	2739	hasform
LOMITAPIDE	4.284534	mesilate de lomitapide	89840	hasform
MEFLOQUINE	4.284534	mefloquine  chlorhydrate de 	29547	hasform
METHYLPHENIDATE	4.284534	chlorhydrate de methylphenidate	5407	hasform
MILNACIPRAN	4.284534	chlorhydrate de milnacipran	75210	hasform
MIVACURIUM	4.284534	mivacurium  chlorure de 	55432	hasform
NALMEFENE	4.284534	chlorhydrate de nalmefene dihydrate	85057	hasform
NOSCAPINE	4.284534	catioresine carboxylate de noscapine	3202	hasform
OXOMEMAZINE	4.284534	oxomemazine  chlorhydrate d  	5769	hasform
PALIPERIDONE	4.284534	palmitate de paliperidone	27104	hasform
PAZOPANIB	4.284534	pazopanib  chlorhydrate de 	87477	hasform
PHENOPERIDINE	4.284534	chlorhydrate de phenoperidine	2832	hasform
PIPOTIAZINE	4.284534	pipotiazine  palmitate de 	3498	hasform
PIRIBEDIL	4.284534	piribedil  mesilate de 	630	hasform
PIXANTRONE	4.284534	pixantrone   dimaleate de 	15285	hasform
PONATINIB	4.284534	chlorhydrate de ponatinib	44076	hasform
PRASUGREL	4.284534	prasugrel  chlorhydrate de 	80432	hasform
PROCARBAZINE	4.284534	chlorhydrate de procarbazine	4841	hasform
QUINAGOLIDE	4.284534	chlorhydrate de quinagolide	64091	hasform
RASAGILINE	4.284534	mesilate de rasagiline	48147	hasform
RIZATRIPTAN	4.284534	benzoate de rizatriptan	66038	hasform
RUPATADINE	4.284534	fumarate de rupatadine	36083	hasform
RUXOLITINIB	4.284534	phosphate de ruxolitinib	38893	hasform
SAQUINAVIR	4.284534	saquinavir  mesilate de 	94741	hasform
SAXAGLIPTINE	4.284534	chlorhydrate de saxagliptine	45154	hasform
SOLIFENACINE	4.284534	succinate de solifenacine	32050	hasform
SORAFENIB	4.284534	tosilate de sorafenib	27352	hasform
SPECTINOMYCINE	4.284534	spectinomycine  dichlorhydrate de 	973	hasform
SPIRAMYCINE	4.284534	spiramycine  adipate de 	335	hasform
SUNITINIB	4.284534	malate de sunitinib	41239	hasform
TAPENTADOL	4.284534	chlorhydrate de tapentadol	24583	hasform
TIROFIBAN	4.284534	chlorhydrate de tirofiban monohydrate	41192	hasform
TRIFLUOPERAZINE	4.284534	trifluoperazine  chlorhydrate de 	329	hasform
VALGANCICLOVIR	4.284534	chlorhydrate de valganciclovir	89161	hasform
VARDENAFIL	4.284534	vardenafil  monochlorhydrate de  trihydrate	32500	hasform
VENLAFAXINE	4.284534	chlorhydrate de venlafaxine	20256	hasform
VINFLUNINE	4.284534	ditartrate de vinflunine	53859	hasform
DEXTROPROPOXYPHENE	4.284534	chlorhydrate de dextropropoxyphene	3570	hasform
AFATINIB	4.284534	dimaleate d afatinib	30488	hasform
DASABUVIR	4.284534	dasabuvir sodique monohydrate	47615	hasform
SAPROPTERINE	4.284534	dichlorhydrate de sapropterine	90563	hasform
MANNITOL	4.284534	ester boronique de mannitol	60273	hasform
MEZLOCILLINE	4.284534	mezlocilline sodique monohydrate	16958	hasform
AZILSARTAN	4.284534	azilsartan medoxomil potassique	69332	hasform
BARNIDIPINE	4.284534	chlorhydrate de barnidipine	38879	hasform
CARPIPRAMINE	4.284534	carpipramine  dichlorhydrate de 	403	hasform
DALFOPRISTINE	4.284534	mesilate de dalfopristine	45221	hasform
DEMECLOCYCLINE	4.284534	chlorhydrate de demeclocycline	1593	hasform
DOLASETRON	4.284534	dolasetron mesilate monohydrate	93332	hasform
FLUNARIZINE	4.284534	flunarizine  chlorhydrate de 	27929	hasform
GUANFACINE	4.284534	guanfacine  chlorhydrate de 	989	hasform
INDINAVIR	4.284534	indinavir  sulfate d  	67519	hasform
LANREOTIDE	4.284534	acetate de lanreotide	77082	hasform
LOMEFLOXACINE	4.284534	chlorhydrate de lomefloxacine	24676	hasform
METHYLERGOMETRINE	4.284534	maleate de methylergometrine	2357	hasform
METHYSERGIDE	4.284534	methysergide  maleate de 	2366	hasform
NELFINAVIR	4.284534	mesylate de nelfinavir	78529	hasform
PIPAMPERONE	4.284534	pipamperone  chlorhydrate de 	2130	hasform
PIZOTIFENE	4.284534	malate de pizotifene	86	hasform
PRAZOSINE	4.284534	prazosine  chlorhydrate de 	859	hasform
QUINUPRISTINE	4.284534	mesilate de quinupristine	48541	hasform
SIBUTRAMINE	4.284534	chlorhydrate de sibutramine monohydrate	38065	hasform
THIOPENTAL	4.284534	thiopental et carbonate sodiques	3599	hasform
THIOPROPERAZINE	4.284534	thioproperazine  dimesilate de 	2748	hasform
TRIFLUPERIDOL	4.284534	trifluperidol  chlorhydrate de 	330	hasform
VINBLASTINE	4.284534	sulfate de vinblastine	4230	hasform
BEPRIDIL	4.284534	chlorhydrate de bepridil monohydrate	29384	hasform
TRIMAZOSINE	4.284534	trimazosine  chlorhydrate de 	9368	hasform
VILOXAZINE	4.284534	viloxazine  chlorhydrate de 	277	hasform
FEXOFENADINE	4.284534	chlorhydrate de fexofenadine	66219	hasform
TIAGABINE	4.284534	tiagabine  chlorhydrate de  monohydrate	40435	hasform
DABIGATRAN	4.284534	dabigatran etexilate  mesilate de 	83321	hasform
MOMETASONE	4.284534	furoate de mometasone monohydrate	33681	hasform
PIPERAQUINE	4.284534	piperaquine  tetraphosphate de  tetrahydrate	76779	hasform
SUXAMETHONIUM	4.284534	iodure de suxamethonium	4651	hasform
SYNEPHRINE	4.284534	synephrine  chlorhydrate de 	5162	hasform
AMIFAMPRIDINE	4.284534	phosphate d amifampridine	52114	hasform
suxamethonium	4.284534	iodure de suxamethonium	4651	hasform
AMIDOTRIZOATE	4.284534	amidotrizoate de sodium	1123	hasform
INSULINE ASPARTE	4.2477117	insuline asparte recombinante isophane biphasique	24630	hasform
ALPHA-TOCOPHEROL	4.2117186	dl alpha tocopherol  acetate d  	3602	hasform
ALPHA-TOCOPHEROL	4.2117186	d alpha tocopherol  acetate de 	15731	hasform
VITAMINE A	4.188238	vitamine a  acetate de 	4548	hasform
VITAMINE A	4.188238	vitamine a  palmitate de 	4031	hasform
VITAMINE A	4.188238	palmitate de vitamine a	4031	hasform
AMIKACINE	4.1406927	sulfate d amikacine	280	hasform
AMITRIPTYLINE	4.1406927	amitriptyline  chlorhydrate d  	788	hasform
AMITRIPTYLINE	4.1406927	chlorhydrate d amitriptyline	788	hasform
AMLODIPINE	4.1406927	besilate d amlodipine	93748	hasform
AMLODIPINE	4.1406927	amlodipine  besilate d  	93748	hasform
ASENAPINE	4.1406927	maleate d asenapine	44594	hasform
ASENAPINE	4.1406927	asenapine  maleate d  	44594	hasform
ATAZANAVIR	4.1406927	atazanavir  sulfate d  	87658	hasform
ATAZANAVIR	4.1406927	sulfate d atazanavir	87658	hasform
ATOMOXETINE	4.1406927	chlorhydrate d atomoxetine	81442	hasform
ATOMOXETINE	4.1406927	atomoxetine  chlorhydrate d  	81442	hasform
ATRACURIUM	4.1406927	besilate d atracurium	6492	hasform
ATRACURIUM	4.1406927	atracurium  besilate d  	6492	hasform
AZELASTINE	4.1406927	azelastine  chlorhydrate d  	25329	hasform
AZELASTINE	4.1406927	chlorhydrate d azelastine	25329	hasform
BUPRENORPHINE	4.1406927	chlorhydrate de buprenorphine	21888	hasform
BUPRENORPHINE	4.1406927	buprenorphine  chlorhydrate de 	21888	hasform
CABOZANTINIB	4.1406927	 s  malate de cabozantinib	98546	hasform
CAFEINE	4.1406927	cafeine  citrate de 	4196	hasform
CELIPROLOL	4.1406927	chlorhydrate de celiprolol	7958	hasform
CELIPROLOL	4.1406927	celiprolol  chlorhydrate de 	7958	hasform
CIBENZOLINE	4.1406927	succinate de cibenzoline	27705	hasform
CIBENZOLINE	4.1406927	cibenzoline  succinate de 	27705	hasform
CIMETIDINE	4.1406927	chlorhydrate de cimetidine	5543	hasform
CIMETIDINE	4.1406927	cimetidine  chlorhydrate de 	5543	hasform
CINACALCET	4.1406927	chlorhydrate de cinacalcet	97362	hasform
CINACALCET	4.1406927	cinacalcet  chlorhydrate de 	97362	hasform
CYAMEMAZINE	4.1406927	cyamemazine  tartrate de 	5760	hasform
DAUNORUBICINE	4.1406927	daunorubicine  chlorhydrate de 	1578	hasform
DAUNORUBICINE	4.1406927	chlorhydrate de daunorubicine	1578	hasform
DESMOPRESSINE	4.1406927	desmopressine  acetate de  trihydrate	13582	hasform
DESMOPRESSINE	4.1406927	acetate de desmopressine trihydrate	13582	hasform
DISOPYRAMIDE	4.1406927	disopyramide  phosphate de 	604	hasform
DISOPYRAMIDE	4.1406927	phosphate de disopyramide	604	hasform
DOXAZOSINE	4.1406927	mesilate de doxazosine	9301	hasform
DOXAZOSINE	4.1406927	doxazosine  mesilate de 	9301	hasform
ENALAPRIL	4.1406927	maleate d enalapril	3682	hasform
ENALAPRIL	4.1406927	enalapril  maleate d  	3682	hasform
ESCITALOPRAM	4.1406927	oxalate d escitalopram	78924	hasform
ESCITALOPRAM	4.1406927	escitalopram  oxalate d  	78924	hasform
ETHYLMORPHINE	4.1406927	chlorhydrate d ethylmorphine	4216	hasform
ETHYLMORPHINE	4.1406927	ethylmorphine  chlorhydrate d  	4216	hasform
FROVATRIPTAN	4.1406927	succinate de frovatriptan monohydrate	36521	hasform
GENTAMICINE	4.1406927	sulfate de gentamicine	525	hasform
GENTAMICINE	4.1406927	gentamicine  sulfate de 	525	hasform
HYDROMORPHONE	4.1406927	chlorhydrate d hydromorphone	25114	hasform
HYDROMORPHONE	4.1406927	hydromorphone  chlorhydrate d  	25114	hasform
HYDROXYPROGESTERONE	4.1406927	hydroxyprogesterone  caproate d  	3344	hasform
HYDROXYPROGESTERONE	4.1406927	enantate d hydroxyprogesterone	3346	hasform
IBUPROFENE	4.1406927	ibuprofene  lysinate d  	29909	hasform
IBUPROFENE	4.1406927	lysinate d ibuprofene	29909	hasform
IRBESARTAN	4.1406927	chlorhydrate d irbesartan	54231	hasform
IRBESARTAN	4.1406927	irbesartan  chlorhydrate d  	54231	hasform
IRINOTECAN	4.1406927	irinotecan  chlorhydrate d   trihydrate	20915	hasform
IRINOTECAN	4.1406927	chlorhydrate d irinotecan trihydrate	20915	hasform
IVABRADINE	4.1406927	chlorhydrate d ivabradine	45847	hasform
IVABRADINE	4.1406927	ivabradine  chlorhydrate d  	45847	hasform
JOSAMYCINE	4.1406927	josamycine  propionate de 	935	hasform
KANAMYCINE	4.1406927	kanamycine  monosulfate de 	3867	hasform
KANAMYCINE	4.1406927	monosulfate de kanamycine	3867	hasform
LERCANIDIPINE	4.1406927	chlorhydrate de lercanidipine	36746	hasform
LERCANIDIPINE	4.1406927	lercanidipine  chlorhydrate de 	36746	hasform
LOPRAZOLAM	4.1406927	mesilate de loprazolam monohydrate	12016	hasform
LOPRAZOLAM	4.1406927	loprazolam  mesilate de  monohydrate	12016	hasform
METRONIDAZOLE	4.1406927	benzoate de metronidazole	1188	hasform
METRONIDAZOLE	4.1406927	metronidazole  benzoate de 	1188	hasform
MICONAZOLE	4.1406927	nitrate de miconazole	3026	hasform
MICONAZOLE	4.1406927	miconazole  nitrate de 	3026	hasform
MIDAZOLAM	4.1406927	chlorhydrate de midazolam	51868	hasform
MIDAZOLAM	4.1406927	midazolam  chlorhydrate de 	51868	hasform
MOXIFLOXACINE	4.1406927	chlorhydrate de moxifloxacine	45328	hasform
NARATRIPTAN	4.1406927	chlorhydrate de naratriptan	73086	hasform
NARATRIPTAN	4.1406927	naratriptan  chlorhydrate de 	73086	hasform
NILOTINIB	4.1406927	chlorhydrate de nilotinib monohydrate	17445	hasform
NILOTINIB	4.1406927	nilotinib  chlorhydrate de  monohydrate	17445	hasform
NORADRENALINE	4.1406927	tartrate de noradrenaline	2487	hasform
NORADRENALINE	4.1406927	noradrenaline  tartrate de 	2487	hasform
OCTREOTIDE	4.1406927	acetate d octreotide	6494	hasform
OCTREOTIDE	4.1406927	octreotide  acetate d  	6494	hasform
OLANZAPINE	4.1406927	benzoate d olanzapine	54402	hasform
OLANZAPINE	4.1406927	olanzapine  pamoate d   monohydrate	43719	hasform
ONDANSETRON	4.1406927	chlorhydrate d ondansetron dihydrate	16951	hasform
ONDANSETRON	4.1406927	ondansetron  chlorhydrate d   dihydrate	16951	hasform
OXYCODONE	4.1406927	chlorhydrate d oxycodone	5087	hasform
OXYCODONE	4.1406927	oxycodone  chlorhydrate d  	5087	hasform
PANTOPRAZOLE	4.1406927	pantoprazole sodique sesquihydrate	67373	hasform
PANTOPRAZOLE	4.1406927	pantoprazole sodique anhydre	61182	hasform
PASIREOTIDE	4.1406927	pamoate de pasireotide	41583	hasform
PASIREOTIDE	4.1406927	diaspartate de pasireotide	92248	hasform
PEFLOXACINE	4.1406927	pefloxacine  mesilate de  dihydrate	25282	hasform
PEFLOXACINE	4.1406927	mesilate de pefloxacine dihydrate	25282	hasform
PRILOCAINE	4.1406927	chlorhydrate de prilocaine	3507	hasform
PRILOCAINE	4.1406927	prilocaine  chlorhydrate de 	3507	hasform
PROPRANOLOL	4.1406927	propranolol  chlorhydrate de 	2258	hasform
PROPRANOLOL	4.1406927	chlorhydrate de propranolol	2258	hasform
QUETIAPINE	4.1406927	quetiapine  hemifumarate de 	38607	hasform
QUETIAPINE	4.1406927	fumarate de quetiapine	38607	hasform
REMIFENTANIL	4.1406927	chlorhydrate de remifentanil	20668	hasform
RILMENIDINE	4.1406927	dihydrogenophosphate de rilmenidine	2633	hasform
RILMENIDINE	4.1406927	rilmenidine  dihydrogenophosphate de 	2633	hasform
SALBUTAMOL	4.1406927	sulfate de salbutamol	3559	hasform
SALBUTAMOL	4.1406927	salbutamol  sulfate de 	3559	hasform
SERTRALINE	4.1406927	chlorhydrate de sertraline	97603	hasform
SILDENAFIL	4.1406927	citrate de sildenafil	34251	hasform
SILDENAFIL	4.1406927	sildenafil  citrate de 	34251	hasform
SITAGLIPTINE	4.1406927	phosphate de sitagliptine monohydrate	21050	hasform
SITAGLIPTINE	4.1406927	sitagliptine  phosphate de  monohydrate	21050	hasform
SUFENTANIL	4.1406927	citrate de sufentanil	48856	hasform
SUFENTANIL	4.1406927	sufentanil  citrate de 	48856	hasform
TAMSULOSINE	4.1406927	chlorhydrate de tamsulosine	66494	hasform
TAMSULOSINE	4.1406927	tamsulosine  chlorhydrate de 	66494	hasform
TETRACYCLINE	4.1406927	tetracycline  chlorhydrate de 	4630	hasform
TETRACYCLINE	4.1406927	chlorhydrate de tetracycline	4630	hasform
TOBRAMYCINE	4.1406927	sulfate de tobramycine	4926	hasform
TOBRAMYCINE	4.1406927	tobramycine  sulfate de 	4926	hasform
TOPOTECANE	4.1406927	chlorhydrate de topotecane	87746	hasform
TOPOTECANE	4.1406927	topotecane  chlorhydrate de 	87746	hasform
TRINITRINE	4.1406927	trinitrine  solution de 	29878	hasform
TRINITRINE	4.1406927	solution de trinitrine	29878	hasform
URAPIDIL	4.1406927	urapidil  chlorhydrate d  	8744	hasform
URAPIDIL	4.1406927	chlorhydrate d urapidil	8744	hasform
SUMATRIPTAN	4.1406927	succinate de sumatriptan	15562	hasform
SUMATRIPTAN	4.1406927	sumatriptan  succinate de 	15562	hasform
LANTHANE	4.1406927	carbonate de lanthane hydrate	38263	hasform
LANTHANE	4.1406927	lanthane  carbonate de  hydrate	38263	hasform
ALISKIRENE	4.1406927	hemifumarate d aliskirene	49479	hasform
ALISKIRENE	4.1406927	aliskirene  hemifumarate d  	49479	hasform
TERBINAFINE	4.1406927	chlorhydrate de terbinafine	32925	hasform
TERBINAFINE	4.1406927	terbinafine  chlorhydrate de 	32925	hasform
RILPIVIRINE	4.1406927	chlorhydrate de rilpivirine	94011	hasform
RILPIVIRINE	4.1406927	rilpivirine  chlorhydrate de 	94011	hasform
ROSIGLITAZONE	4.1406927	maleate de rosiglitazone	62135	hasform
ROSIGLITAZONE	4.1406927	rosiglitazone  maleate de 	62135	hasform
BETAXOLOL	4.1406927	betaxolol  chlorhydrate de 	22466	hasform
BETAXOLOL	4.1406927	chlorhydrate de betaxolol	22466	hasform
BROMOCRIPTINE	4.1406927	bromocriptine  mesilate de 	328	hasform
BROMOCRIPTINE	4.1406927	mesilate de bromocriptine	328	hasform
CARTEOLOL	4.1406927	carteolol  chlorhydrate de 	18380	hasform
CARTEOLOL	4.1406927	chlorhydrate de carteolol	18380	hasform
CEFAMANDOLE	4.1406927	cefamandole  formiate sodique de 	837	hasform
CEFAMANDOLE	4.1406927	cefamandole  nafate de 	837	hasform
DIHYDROERGOTAMINE	4.1406927	dihydroergotamine  mesilate de 	3790	hasform
DIHYDROERGOTAMINE	4.1406927	mesilate de dihydroergotamine	3790	hasform
FLUOXETINE	4.1406927	chlorhydrate de fluoxetine	7560	hasform
FLUOXETINE	4.1406927	fluoxetine  chlorhydrate de 	7560	hasform
FLUPENTIXOL	4.1406927	flupentixol  decanoate de 	571	hasform
FLUPENTIXOL	4.1406927	flupentixol  chlorhydrate de 	4916	hasform
NEBIVOLOL	4.1406927	chlorhydrate de nebivolol	90670	hasform
NEBIVOLOL	4.1406927	nebivolol  chlorhydrate de 	90670	hasform
NETILMICINE	4.1406927	sulfate de netilmicine	17814	hasform
NETILMICINE	4.1406927	netilmicine  sulfate de 	17814	hasform
PERGOLIDE	4.1406927	mesilate de pergolide	7327	hasform
PERGOLIDE	4.1406927	pergolide  mesilate de 	7327	hasform
PIOGLITAZONE	4.1406927	chlorhydrate de pioglitazone	31147	hasform
PIOGLITAZONE	4.1406927	pioglitazone  chlorhydrate de 	31147	hasform
QUINAPRIL	4.1406927	chlorhydrate de quinapril	8736	hasform
QUINAPRIL	4.1406927	quinapril  chlorhydrate de 	8736	hasform
SELEGILINE	4.1406927	selegiline  chlorhydrate de 	60921	hasform
SELEGILINE	4.1406927	chlorhydrate de selegiline	60921	hasform
STREPTOMYCINE	4.1406927	streptomycine  sulfate de 	4068	hasform
STREPTOMYCINE	4.1406927	sulfate de streptomycine	4068	hasform
SULTOPRIDE	4.1406927	sultopride  chlorhydrate de 	646	hasform
SULTOPRIDE	4.1406927	chlorhydrate de sultopride	646	hasform
TERAZOSINE	4.1406927	chlorhydrate de terazosine dihydrate	60254	hasform
TERAZOSINE	4.1406927	terazosine  chlorhydrate de  dihydrate	60254	hasform
TIAPRIDE	4.1406927	tiapride  chlorhydrate de 	5765	hasform
TIAPRIDE	4.1406927	chlorhydrate de tiapride	5765	hasform
TOLTERODINE	4.1406927	l tartrate de tolterodine	54371	hasform
TOLTERODINE	4.1406927	tartrate de tolterodine	54371	hasform
TRIMIPRAMINE	4.1406927	trimipramine  maleate acide de 	5481	hasform
TRIMIPRAMINE	4.1406927	mesilate de trimipramine	360	hasform
BCG	4.1406927	bcg attenue   souche connaught	21658	hasform
FLUTICASONE	4.1406927	furoate de fluticasone	60723	hasform
NEOSTIGMINE	4.1406927	neostigmine  bromure de 	3637	hasform
STRONTIUM	4.1406927	strontium  89 sr   chlorure de 	67089	hasform
STRONTIUM	4.1406927	ranelate de strontium nonahydrate	99546	hasform
aliskirene	4.1406927	hemifumarate d aliskirene	49479	hasform
aliskirene	4.1406927	aliskirene  hemifumarate d  	49479	hasform
noradrenaline	4.1406927	tartrate de noradrenaline	2487	hasform
noradrenaline	4.1406927	noradrenaline  tartrate de 	2487	hasform
CLODRONATE	4.1406927	clodronate disodique tetrahydrate	81716	hasform
CLODRONATE	4.1406927	sodium  clodronate de  tetrahydrate	81716	hasform
FOLINATE	4.1406927	folinate de calcium	5390	hasform
FOLINATE	4.1406927	calcium  folinate de 	5390	hasform
VALPROATE	4.1406927	sodium  valproate de 	5562	hasform
VALPROATE	4.1406927	valproate de sodium	5562	hasform
INSULINE HUMAINE HEMISYNTHETIQUE ISOPHANE BIPHASIQUE	4.048675	insuline humaine recombinante isophane biphasique	62132	0
immunoglobuline equine anti-thymocytes humains	4.046897	immunoglobuline de lapin anti thymocytes humains	29318	0
ACEBUTOLOL	4.0291204	chlorhydrate d acebutolol	191	hasform
ACEBUTOLOL	4.0291204	acebutolol  chlorhydrate d  	191	hasform
ALMOTRIPTAN	4.0291204	malate d almotriptan	50149	hasform
CHLOROQUINE	4.0291204	phosphate de chloroquine	3779	hasform
CHLOROQUINE	4.0291204	sulfate de chloroquine	4133	hasform
CHLOROQUINE	4.0291204	chloroquine  sulfate de 	4133	hasform
DULOXETINE	4.0291204	chlorhydrate de duloxetine	80476	hasform
DULOXETINE	4.0291204	duloxetine  chlorhydrate de 	80476	hasform
ECONAZOLE	4.0291204	nitrate d econazole	3929	hasform
ECONAZOLE	4.0291204	econazole  nitrate d  	3929	hasform
FENTANYL	4.0291204	citrate de fentanyl	1901	hasform
FENTANYL	4.0291204	fentanyl  citrate de 	1901	hasform
FENTANYL	4.0291204	fentanyl  chlorhydrate de 	62562	hasform
GALANTAMINE	4.0291204	bromhydrate de galantamine	28886	hasform
GALANTAMINE	4.0291204	galantamine  bromhydrate de 	28886	hasform
IMATINIB	4.0291204	mesilate d imatinib	68227	hasform
IMATINIB	4.0291204	imatinib  mesilate d  	68227	hasform
LOXAPINE	4.0291204	loxapine  succinate de 	829	hasform
LOXAPINE	4.0291204	succinate de loxapine	829	hasform
MITOXANTRONE	4.0291204	chlorhydrate de mitoxantrone	18851	hasform
MITOXANTRONE	4.0291204	mitoxantrone  chlorhydrate de 	18851	hasform
NORETHISTERONE	4.0291204	acetate de norethisterone	3940	hasform
NORETHISTERONE	4.0291204	norethisterone  acetate de 	3940	hasform
NORETHISTERONE	4.0291204	norethisterone  enantate de 	12499	hasform
PHENYLEPHRINE	4.0291204	chlorhydrate de phenylephrine	3088	hasform
PHENYLEPHRINE	4.0291204	phenylephrine  chlorhydrate de 	3088	hasform
PHENYLEPHRINE	4.0291204	heparine phenylephrine meglumine	3206	hasform
PHENYLTOLOXAMINE	4.0291204	catioresine sulfonate de phenyltoloxamine	2845	hasform
PHENYLTOLOXAMINE	4.0291204	citrate de phenyltoloxamine	4053	hasform
PHENYLTOLOXAMINE	4.0291204	phenyltoloxamine  citrate de 	4053	hasform
PRAMIPEXOLE	4.0291204	dichlorhydrate de pramipexole monohydrate	18827	hasform
PRAMIPEXOLE	4.0291204	pramipexole  dichlorhydrate de  monohydrate	18827	hasform
PROMETHAZINE	4.0291204	chlorhydrate de promethazine	5333	hasform
PROMETHAZINE	4.0291204	promethazine  chlorhydrate de 	5333	hasform
PROMETHAZINE	4.0291204	catioresine carboxylate de promethazine	3595	hasform
RABEPRAZOLE	4.0291204	rabeprazole sodique monohydrate	33342	hasform
RANITIDINE	4.0291204	ranitidine  chlorhydrate de 	25783	hasform
RANITIDINE	4.0291204	chlorhydrate de ranitidine	25783	hasform
RIVASTIGMINE	4.0291204	hydrogenotartrate de rivastigmine	55512	hasform
RIVASTIGMINE	4.0291204	rivastigmine  hydrogenotartrate de 	55512	hasform
ROPINIROLE	4.0291204	chlorhydrate de ropinirole	35876	hasform
ROPINIROLE	4.0291204	ropinirole  chlorhydrate de 	35876	hasform
TAMOXIFENE	4.0291204	citrate de tamoxifene	126	hasform
TAMOXIFENE	4.0291204	tamoxifene  citrate de 	126	hasform
TESTOSTERONE	4.0291204	enantate de testosterone	5477	hasform
TESTOSTERONE	4.0291204	testosterone  undecanoate de 	22217	hasform
TESTOSTERONE	4.0291204	undecanoate de testosterone	22217	hasform
THEOPHYLLINE	4.0291204	theophylline  acetate de sodium 	42599	hasform
TIMOLOL	4.0291204	timolol  maleate de 	200	hasform
TIMOLOL	4.0291204	maleate de timolol	200	hasform
TRAMADOL	4.0291204	chlorhydrate de tramadol	86571	hasform
TRAMADOL	4.0291204	tramadol  chlorhydrate de 	86571	hasform
VANCOMYCINE	4.0291204	chlorhydrate de vancomycine	10157	hasform
VANCOMYCINE	4.0291204	vancomycine  chlorhydrate de 	10157	hasform
ZUCLOPENTHIXOL	4.0291204	zuclopenthixol  dichlorhydrate de 	9182	hasform
ZUCLOPENTHIXOL	4.0291204	zuclopenthixol  decanoate de 	6941	hasform
ZUCLOPENTHIXOL	4.0291204	zuclopenthixol  acetate de 	8137	hasform
MEMANTINE	4.0291204	chlorhydrate de memantine	49207	hasform
MEMANTINE	4.0291204	memantine  chlorhydrate de 	49207	hasform
ALVERINE	4.0291204	citrate d alverine	4028	hasform
ALVERINE	4.0291204	alverine  citrate d  	4028	hasform
SORBITOL	4.0291204	sorbitol liquide  cristallisable 	18343	hasform
MINOCYCLINE	4.0291204	minocycline  chlorhydrate de 	3401	hasform
MINOCYCLINE	4.0291204	chlorhydrate de minocycline	3401	hasform
MINOCYCLINE	4.0291204	minocycline  chlorhydrate de  dihydrate	25755	hasform
PARAFFINE	4.0291204	paraffine liquide legere	12566	hasform
PARAFFINE	4.0291204	cire de paraffine	18620	hasform
SEVELAMER	4.0291204	carbonate de sevelamer	55721	hasform
SEVELAMER	4.0291204	chlorhydrate de sevelamer	44677	hasform
SEVELAMER	4.0291204	sevelamer  carbonate de 	55721	hasform
VIDARABINE	4.0291204	vidarabine  phosphate disodique de 	5878	hasform
VIDARABINE	4.0291204	vidarabine phosphate de sodium	5878	hasform
VIDARABINE	4.0291204	phosphate de vidarabine	43710	hasform
CALCITONINE	4.0291204	calcitonine humaine synthetique	28321	hasform
FLUPHENAZINE	4.0291204	enantate de fluphenazine	528	hasform
FLUPHENAZINE	4.0291204	fluphenazine  chlorhydrate de 	1935	hasform
FLUPHENAZINE	4.0291204	chlorhydrate de fluphenazine	1935	hasform
MAPROTILINE	4.0291204	chlorhydrate de maprotiline	1990	hasform
MAPROTILINE	4.0291204	maprotiline  chlorhydrate de 	1990	hasform
MAPROTILINE	4.0291204	maprotiline  resinate de 	38907	hasform
MILLEPERTUIS	4.0291204	millepertuis  sommite fleurie de 	5651	hasform
TRIAMCINOLONE	4.0291204	acetonide de triamcinolone	5209	hasform
TRIAMCINOLONE	4.0291204	triamcinolone  acetonide de 	5209	hasform
TRIAMCINOLONE	4.0291204	triamcinolone  diacetate de 	3609	hasform
ACETYLSALICYLATE	4.0291204	sodium  acetylsalicylate de 	411	hasform
ACETYLSALICYLATE	4.0291204	acetylsalicylate de sodium	411	hasform
IOXAGLATE	4.0291204	sodium  ioxaglate de 	938	hasform
IOXAGLATE	4.0291204	ioxaglate de sodium	938	hasform
IOXITALAMATE	4.0291204	sodium  ioxitalamate de 	5131	hasform
IOXITALAMATE	4.0291204	ioxitalamate de sodium	5131	hasform
RISEDRONATE	4.0291204	risedronate monosodique anhydre	37314	hasform
RISEDRONATE	4.0291204	risedronate monosodique hemipentahydrate	99549	hasform
RISEDRONATE	4.0291204	risedronate monosodique monohydrate	16182	hasform
citrate de magnesium	4.000031	magnesium  citrate de  anhydre	4414	hasform
ATROPINE	3.9379604	atropine  sulfate d  	4150	hasform
ATROPINE	3.9379604	sulfate d atropine	4150	hasform
ATROPINE	3.9379604	chlorhydrate d atropine oxyde	3753	hasform
ATROPINE	3.9379604	atropine n oxyde base	58336	hasform
CITALOPRAM	3.9379604	bromhydrate de citalopram	29250	hasform
CITALOPRAM	3.9379604	citalopram  bromhydrate de 	29250	hasform
CITALOPRAM	3.9379604	chlorhydrate de citalopram	54506	hasform
DEXTRAN	3.9379604	dextran  sulfate de 	4328	hasform
DEXTROMETHORPHANE	3.9379604	bromhydrate de dextromethorphane	3229	hasform
DEXTROMETHORPHANE	3.9379604	bromhydrate de dextromethorphane monohydrate	3229	hasform
DEXTROMETHORPHANE	3.9379604	dextromethorphane  bromhydrate de 	3229	hasform
DIHYDRALAZINE	3.9379604	dihydralazine  sulfate de 	1674	hasform
DIHYDRALAZINE	3.9379604	mesilate de dihydralazine	94174	hasform
DIHYDRALAZINE	3.9379604	sulfate de dihydralazine	1674	hasform
DIHYDRALAZINE	3.9379604	dihydralazine  sulfate de  hydrate	1674	hasform
KETOTIFENE	3.9379604	ketotifene  fumarate de 	952	hasform
KETOTIFENE	3.9379604	fumarate de ketotifene	952	hasform
KETOTIFENE	3.9379604	hydrogenofumarate de ketotifene	952	hasform
LEVOMEPROMAZINE	3.9379604	levomepromazine  chlorhydrate de 	5047	hasform
LEVOMEPROMAZINE	3.9379604	levomepromazine  hydrogenomaleate de 	5097	hasform
LEVOMEPROMAZINE	3.9379604	chlorhydrate de levomepromazine	5047	hasform
LEVOMEPROMAZINE	3.9379604	maleate de levomepromazine	5097	hasform
LIDOCAINE	3.9379604	chlorhydrate de lidocaine	5432	hasform
LIDOCAINE	3.9379604	chlorhydrate de lidocaine anhydre	56635	hasform
LIDOCAINE	3.9379604	lidocaine  chlorhydrate de 	5432	hasform
LIDOCAINE	3.9379604	lidocaine  chlorhydrate de  monohydrate	5432	hasform
NALOXONE	3.9379604	chlorhydrate de naloxone anhydre	861	hasform
NALOXONE	3.9379604	chlorhydrate de naloxone dihydrate	79853	hasform
NALOXONE	3.9379604	naloxone  chlorhydrate de  anhydre	861	hasform
PILOCARPINE	3.9379604	pilocarpine  nitrate de 	77	hasform
PILOCARPINE	3.9379604	pilocarpine  chlorhydrate de 	3085	hasform
PILOCARPINE	3.9379604	nitrate de pilocarpine	77	hasform
PILOCARPINE	3.9379604	chlorhydrate de pilocarpine	3085	hasform
PSEUDOEPHEDRINE	3.9379604	chlorhydrate de pseudoephedrine	2278	hasform
PSEUDOEPHEDRINE	3.9379604	pseudoephedrine  chlorhydrate de 	2278	hasform
PSEUDOEPHEDRINE	3.9379604	sulfate de pseudoephedrine	43127	hasform
PSEUDOEPHEDRINE	3.9379604	pseudoephedrine  sulfate de 	43127	hasform
SCOPOLAMINE	3.9379604	scopolamine n oxyde base	25938	hasform
SCOPOLAMINE	3.9379604	bromhydrate de scopolamine	5551	hasform
SCOPOLAMINE	3.9379604	butylbromure de scopolamine	3068	hasform
VALACICLOVIR	3.9379604	chlorhydrate de valaciclovir	92734	hasform
VALACICLOVIR	3.9379604	chlorhydrate de valaciclovir monohydrate	78513	hasform
VALACICLOVIR	3.9379604	chlorhydrate dihydrate de valaciclovir	24209	hasform
VALACICLOVIR	3.9379604	valaciclovir  chlorhydrate de  monohydrate	78513	hasform
SALMETEROL	3.9379604	xinafoate de salmeterol	93351	hasform
SALMETEROL	3.9379604	salmeterol  xinafoate de 	93351	hasform
AMILORIDE	3.9379604	amiloride  chlorhydrate d   anhydre	96013	hasform
AMILORIDE	3.9379604	chlorhydrate d amiloride anhydre	96013	hasform
PAROXETINE	3.9379604	chlorhydrate de paroxetine anhydre	47018	hasform
PAROXETINE	3.9379604	chlorhydrate de paroxetine hemihydrate	18265	hasform
PAROXETINE	3.9379604	paroxetine  mesilate de 	31513	hasform
PAROXETINE	3.9379604	mesilate de paroxetine	31513	hasform
BENZALKONIUM	3.9379604	bromure de benzalkonium	4766	hasform
METOPROLOL	3.9379604	succinate de metoprolol	10091	hasform
METOPROLOL	3.9379604	metoprolol  fumarate de 	56570	hasform
METOPROLOL	3.9379604	metoprolol  succinate de 	10091	hasform
REGLISSE	3.9379604	reglisse  extrait brut de 	5236	hasform
REGLISSE	3.9379604	racine de reglisse	206	hasform
INSULINE HUMAINE RECOMBINANTE ZINC CRISTALLINE	3.9355206	insuline humaine recombinante zinc	84517	formof
GEL D'HYDROXYDE D'ALUMINIUM ET DE CARBONATE DE MAGNESIUM CODESSECHES	3.92816	aluminium  carbonate et hydroxyde d    gel de	23907	0
ADRENALINE	3.860885	tartrate d adrenaline	4280	hasform
ADRENALINE	3.860885	adrenaline  tartrate d  	4280	hasform
ADRENALINE	3.860885	chlorhydrate d adrenaline	4862	hasform
ADRENALINE	3.860885	adrenaline  chlorhydrate d  	4862	hasform
ATORVASTATINE	3.860885	atorvastatine magnesium trihydrate	56688	hasform
ATORVASTATINE	3.860885	atorvastatine calcique trihydratee	92464	hasform
ATORVASTATINE	3.860885	atorvastatine calcique anhydre	50091	hasform
ATORVASTATINE	3.860885	atorvastatine calcique hemihydratee	82615	hasform
BISOPROLOL	3.860885	bisoprolol  hemifumarate de 	7436	hasform
BISOPROLOL	3.860885	fumarate de bisoprolol	7436	hasform
BISOPROLOL	3.860885	hemifumarate de bisoprolol	7436	hasform
BISOPROLOL	3.860885	bisoprolol  fumarate acide de 	7436	hasform
BISOPROLOL	3.860885	bisoprolol  fumarate de 	7436	hasform
CASCARA	3.860885	cascara  extrait sec de 	49212	hasform
CEFTRIAXONE	3.860885	ceftriaxone disodique hemiheptahydrate	30925	hasform
CEFTRIAXONE	3.860885	ceftriaxone sodique anhydre	19091	hasform
CIPROFLOXACINE	3.860885	chlorhydrate de ciprofloxacine	79482	hasform
CIPROFLOXACINE	3.860885	lactate de ciprofloxacine	76382	hasform
CIPROFLOXACINE	3.860885	sulfate de ciprofloxacine	65381	hasform
CIPROFLOXACINE	3.860885	ciprofloxacine  chlorhydrate de 	79482	hasform
CIPROFLOXACINE	3.860885	ciprofloxacine  chlorhydrate de  monohydrate	79482	hasform
CLINDAMYCINE	3.860885	phosphate de clindamycine	917	hasform
CLINDAMYCINE	3.860885	clindamycine  phosphate de 	917	hasform
CLINDAMYCINE	3.860885	chlorhydrate de clindamycine	2963	hasform
CLINDAMYCINE	3.860885	clindamycine  chlorhydrate de  hydrate	97838	hasform
DONEPEZIL	3.860885	chlorhydrate de donepezil	33803	hasform
DONEPEZIL	3.860885	chlorhydrate de donepezil monohydrate	67154	hasform
DONEPEZIL	3.860885	donepezil  chlorhydrate de 	33803	hasform
DONEPEZIL	3.860885	donepezil  chlorhydrate de  monohydrate	67154	hasform
EPHEDRINE	3.860885	chlorhydrate d ephedrine	4278	hasform
EPHEDRINE	3.860885	ephedrine  chlorhydrate d  	4278	hasform
ESOMEPRAZOLE	3.860885	esomeprazole magnesique dihydrate	96973	hasform
ESOMEPRAZOLE	3.860885	esomeprazole magnesique trihydrate	61112	hasform
ESOMEPRAZOLE	3.860885	esomeprazole magnesium trihydrate	61112	hasform
METFORMINE	3.860885	chlorhydrate de metformine	24321	hasform
METFORMINE	3.860885	metformine  chlorhydrate de 	24321	hasform
METFORMINE	3.860885	metformine  embonate de 	210	hasform
METFORMINE	3.860885	metformine  parachlorophenoxyacetate de 	5669	hasform
METHYLPREDNISOLONE	3.860885	hemisuccinate de methylprednisolone	7032	hasform
METHYLPREDNISOLONE	3.860885	methylprednisolone  hemisuccinate de 	7032	hasform
METHYLPREDNISOLONE	3.860885	methylprednisolone  hydrogenosuccinate sodique de 	3697	hasform
METHYLPREDNISOLONE	3.860885	acetate de methylprednisolone	3927	hasform
MORPHINE	3.860885	sulfate de morphine	1099	hasform
MORPHINE	3.860885	morphine  sulfate de 	1099	hasform
MORPHINE	3.860885	chlorhydrate de morphine	585	hasform
MORPHINE	3.860885	morphine  chlorhydrate de 	585	hasform
MORPHINE	3.860885	chlorhydrate de morphine trihydrate	585	hasform
OXYTETRACYCLINE	3.860885	chlorhydrate d oxytetracycline	3955	hasform
OXYTETRACYCLINE	3.860885	oxytetracycline  chlorhydrate d  	3955	hasform
PIPERAZINE	3.860885	hydrate de piperazine	3483	hasform
PIPERAZINE	3.860885	piperazine  camsilate de 	4470	hasform
PIPERAZINE	3.860885	piperazine  citrate de 	3470	hasform
PIPERAZINE	3.860885	piperazine  hydrate de 	3483	hasform
VINORELBINE	3.860885	vinorelbine  ditartrate de 	66304	hasform
VINORELBINE	3.860885	tartrate de vinorelbine	66304	hasform
VINORELBINE	3.860885	vinorelbine  tartrate de 	66304	hasform
VINORELBINE	3.860885	ditartrate de vinorelbine	66304	hasform
peginterferon alfa-2a	3.8293185	peginterferon alfa 2b	38880	0
INSULINE ASPARTE ISOPHANE BIPHASIQUE	3.7963517	insuline asparte recombinante isophane	51144	0
INSULINE ASPARTE ISOPHANE BIPHASIQUE	3.7963517	insuline asparte recombinante isophane	54612	0
DICLOFENAC	3.7941194	diclofenac de diethylamine	22364	hasform
DICLOFENAC	3.7941194	diclofenac  epolamine de 	99970	hasform
DICLOFENAC	3.7941194	epolamine de diclofenac	99970	hasform
DICLOFENAC	3.7941194	diclofenac  sel de diethylammonium 	22364	hasform
IPRATROPIUM	3.7941194	bromure d ipratropium anhydre	80978	hasform
IPRATROPIUM	3.7941194	ipratropium  bromure d   anhydre	80978	hasform
ALENDRONATE	3.7941194	alendronate de sodium anhydre	43912	hasform
ALENDRONATE	3.7941194	alendronate monosodique monohydrate	17270	hasform
NICOTINATE	3.7941194	nicotinate de guethol	4943	hasform
NICOTINATE	3.7941194	gaiacol  nicotinate de 	3844	hasform
NICOTINATE	3.7941194	nicotinate de benzyle	2534	hasform
NICOTINATE	3.7941194	nicotinate de butoxyethyle	1298	hasform
NICOTINATE	3.7941194	butoxyethyle  nicotinate de 	1298	hasform
NICOTINATE	3.7941194	benzyle  nicotinate de 	2534	hasform
ZINC	3.7854764	bacitracine zinc	3646	0
INSULINE	3.7854764	insuline glulisine	54399	hasform
INSULINE	3.7854764	insuline detemir	80150	hasform
ESTRAMUSTINE	3.7489672	estramustine  phosphate disodique d   monohydrate	959	hasform
ROXATIDINE	3.7489672	roxatidine  acetate de   chlorhydrate de 	43251	hasform
SODIUM (CITRATE DE)	3.7364984	citrate de sodium acide	50340	hasform
EUCALYPTUS	3.7352278	huile essentielle d eucalyptus	155	hasform
EUCALYPTUS	3.7352278	eucalyptus  teinture d  	248	hasform
EUCALYPTUS	3.7352278	eucalyptus  extrait sec d  	91154	hasform
EUCALYPTUS	3.7352278	eucalyptus  huile essentielle d  	155	hasform
METOCLOPRAMIDE	3.7352278	chlorhydrate de metoclopramide anhydre	18055	hasform
METOCLOPRAMIDE	3.7352278	chlorhydrate de metoclopramide	726	hasform
METOCLOPRAMIDE	3.7352278	metoclopramide  chlorhydrate de 	726	hasform
METOCLOPRAMIDE	3.7352278	metoclopramide  dichlorhydrate de 	2372	hasform
METOCLOPRAMIDE	3.7352278	metoclopramide  dichlorhydrate  monohydrate	87182	hasform
METOCLOPRAMIDE	3.7352278	metoclopramide  chlorhydrate de  monohydrate	726	hasform
METOCLOPRAMIDE	3.7352278	metoclopramide  chlorhydrate de  anhydre	18055	hasform
INSULINE HUMAINE RECOMBINANTE ISOPHANE	3.6979547	insuline asparte recombinante isophane	51144	hasform
INSULINE HUMAINE RECOMBINANTE ISOPHANE	3.6979547	insuline lispro recombinante isophane	67310	hasform
INSULINE HUMAINE RECOMBINANTE ISOPHANE	3.6979547	insuline asparte recombinante isophane	54612	hasform
CLOPIDOGREL	3.6825473	hydrogenosulfate de clopidogrel	52920	hasform
CLOPIDOGREL	3.6825473	besilate de clopidogrel	41909	hasform
CLOPIDOGREL	3.6825473	clopidogrel  hydrogenosulfate de 	52920	hasform
CLOPIDOGREL	3.6825473	clopidogrel  chlorhydrate de 	22203	hasform
CLOPIDOGREL	3.6825473	bromhydrate de clopidogrel monohydrate	54904	hasform
CLOPIDOGREL	3.6825473	chlorhydrate de clopidogrel	22203	hasform
CLOPIDOGREL	3.6825473	bisulfate de clopidogrel	52920	hasform
ERYTHROMYCINE	3.6825473	erythromycine  ethylsuccinate d  	374	hasform
ERYTHROMYCINE	3.6825473	erythromycine  propionate d  	3245	hasform
ERYTHROMYCINE	3.6825473	lactobionate d erythromycine	26259	hasform
ERYTHROMYCINE	3.6825473	ethylsuccinate d erythromycine	374	hasform
ERYTHROMYCINE	3.6825473	erythromycine  lactobionate d  	26259	hasform
ERYTHROMYCINE	3.6825473	propionate d erythromycine	3245	hasform
FER	3.6825473	fer  oxyde de  brun	27099	hasform
FER	3.6825473	fer  oxyde de  superparamagnetique	44739	hasform
FER	3.6825473	fer  citrate de  ammoniacal	510	hasform
FER	3.6825473	fer  oxalate de 	509	hasform
FER	3.6825473	complexe fer dextrane	77135	0
HYDROCORTISONE	3.6825473	aceponate d hydrocortisone	9665	hasform
HYDROCORTISONE	3.6825473	hydrocortisone  butyrate d  	773	hasform
HYDROCORTISONE	3.6825473	hydrocortisone  acetate d  	545	hasform
HYDROCORTISONE	3.6825473	hydrocortisone  hemisuccinate sodique d  	546	hasform
HYDROCORTISONE	3.6825473	acetate d hydrocortisone	545	hasform
HYDROCORTISONE	3.6825473	hydrocortisone  hydrogenosuccinate d  	17345	hasform
HYDROCORTISONE	3.6825473	hydrogenosuccinate d hydrocortisone	17345	hasform
HYDROCORTISONE	3.6825473	hemisuccinate de hydrocortisone	17345	hasform
ASCORBATE	3.6825473	ascorbate de calcium	3641	hasform
ASCORBATE	3.6825473	ascorbate de calcium dihydrate	3641	hasform
ASCORBATE	3.6825473	calcium  ascorbate de 	3641	hasform
ASCORBATE	3.6825473	ascorbate de nicotinamide	4716	hasform
ASCORBATE	3.6825473	magnesium  ascorbate de 	67	hasform
VIRUS DES OREILLONS	3.6735766	virus des oreillons  souche jeryl lynn   vivant  attenue 	69186	hasform
BETAMETHASONE	3.6348922	valerate de betamethasone	4184	hasform
BETAMETHASONE	3.6348922	betamethasone  dipropionate de 	4730	hasform
BETAMETHASONE	3.6348922	dipropionate de betamethasone	4730	hasform
BETAMETHASONE	3.6348922	betamethasone  phosphate sodique de 	4509	hasform
BETAMETHASONE	3.6348922	phosphate disodique de betamethasone	4509	hasform
BETAMETHASONE	3.6348922	betamethasone  phosphate disodique de 	4509	hasform
BETAMETHASONE	3.6348922	acetate de betamethasone	445	hasform
BETAMETHASONE	3.6348922	betamethasone  valerate de 	4184	hasform
DEXAMETHASONE	3.6348922	phosphate sodique de dexamethasone	3675	hasform
DEXAMETHASONE	3.6348922	phosphate de dexamethasone	73377	hasform
DEXAMETHASONE	3.6348922	acetate de dexamethasone	3673	hasform
DEXAMETHASONE	3.6348922	dexamethasone phosphate acide anhydre	73377	hasform
DEXAMETHASONE	3.6348922	dexamethasone  phosphate sodique de 	3675	hasform
DEXAMETHASONE	3.6348922	dexamethasone  phosphate de 	73377	hasform
DEXAMETHASONE	3.6348922	dexamethasone  metasulfobenzoate sodique de 	4429	hasform
DOXYCYCLINE	3.6348922	doxycycline polyphosphate sodique	939	hasform
DOXYCYCLINE	3.6348922	doxycycline  hyclate de 	19414	hasform
DOXYCYCLINE	3.6348922	doxycycline  chlorhydrate de 	1756	hasform
DOXYCYCLINE	3.6348922	chlorhydrate de doxycycline	1756	hasform
DOXYCYCLINE	3.6348922	carraghenate de doxycycline	66876	hasform
ESTRADIOL	3.6348922	valerate d estradiol	4287	hasform
ESTRADIOL	3.6348922	estradiol  valerate d  	4287	hasform
ESTRADIOL	3.6348922	acetate d estradiol	27020	hasform
ESTRADIOL	3.6348922	hexahydrobenzoate d estradiol	2356	hasform
ESTRADIOL	3.6348922	benzoate d estradiol	4285	hasform
PREDNISOLONE	3.6348922	metasulfobenzoate sodique de prednisolone	3981	hasform
PREDNISOLONE	3.6348922	prednisolone  caproate de 	500	hasform
PREDNISOLONE	3.6348922	prednisolone  metasulfobenzoate sodique de 	3981	hasform
PREDNISOLONE	3.6348922	prednisolone  phosphate disodique de 	3478	hasform
PREDNISOLONE	3.6348922	ester monophosphorique de prednisolone	66574	hasform
PREDNISOLONE	3.6348922	prednisolone  phosphate sodique de 	3478	hasform
PREDNISOLONE	3.6348922	prednisolone ester monophosphorique	29286	hasform
PREDNISOLONE	3.6348922	acetate de prednisolone	3980	hasform
PREDNISOLONE	3.6348922	phosphate disodique de prednisolone	3478	hasform
QUINIDINE	3.6348922	sulfate de quinidine dihydrate	4029	hasform
QUINIDINE	3.6348922	quinidine  arabinogalactane sulfate de 	5138	hasform
QUINIDINE	3.6348922	quinidine  polygalacturonate de 	3516	hasform
QUINIDINE	3.6348922	quinidine  sulfate de 	4029	hasform
QUINIDINE	3.6348922	quinidine  gluconate de 	23106	hasform
QUINIDINE	3.6348922	quinidine  bisulfate de 	2267	hasform
QUINIDINE	3.6348922	sulfate de quinidine	4029	hasform
QUINIDINE	3.6348922	quinidine  chlorhydrate de 	26004	hasform
QUININE	3.6348922	bisulfate de quinine anhydre	41851	hasform
QUININE	3.6348922	quinine  bisulfate de  heptahydrate	69335	hasform
QUININE	3.6348922	chlorhydrate de quinine	618	hasform
QUININE	3.6348922	quinine  benzoate de 	5139	hasform
QUININE	3.6348922	sulfate de quinine	619	hasform
QUININE	3.6348922	gluconate de quinine	5140	hasform
QUININE	3.6348922	quinine  formiate de 	4027	hasform
QUININE	3.6348922	quinine  formiate de  monohydrate	85436	hasform
CODEINE	3.5913866	codeine  phosphate de  sesquihydrate	468	hasform
CODEINE	3.5913866	codeine  phosphate de  hemihydrate	74765	hasform
CODEINE	3.5913866	phosphate de codeine hemihydrate	74765	hasform
CODEINE	3.5913866	codeine  resinate de 	98173	hasform
CODEINE	3.5913866	camsilate de codeine	3782	hasform
CODEINE	3.5913866	camphosulfonate de codeine	3782	hasform
CODEINE	3.5913866	codeine  phosphate de 	74765	hasform
CODEINE	3.5913866	phosphate de codeine anhydre	25936	hasform
CODEINE	3.5913866	codeine  chlorhydrate de 	4815	hasform
NICOTINE	3.5913866	nicotine  resinate de 	30981	hasform
NICOTINE	3.5913866	bitartrate de nicotine dihydrate	92098	hasform
NICOTINE	3.5913866	catioresine carboxylate de nicotine	30981	hasform
NICOTINE	3.5913866	resinate de nicotine	30981	hasform
NICOTINE	3.5913866	nicotine  catioresine carboxylate de 	30981	hasform
NICOTINE	3.5913866	nicotine betadex  complexe 	81549	hasform
NICOTINE	3.5913866	nicotine  bitartrate de  dihydrate	92098	hasform
GEL D'HYDROXYDE D'ALUMINIUM ET DE CARBONATE DE MAGNSIUM CODESSCHS	3.567756	aluminium  carbonate et hydroxyde d    gel de	23907	0
SENE DE L'INDE	3.5600462	sene de l inde  feuille de   extrait sec de 	67389	hasform
BOLDO	3.5513654	boldo  extrait sec de 	39881	hasform
BOLDO	3.5513654	boldo  peumus boldus 	8234	hasform
BOLDO	3.5513654	boldo  extrait de   fluide 	98233	hasform
BOLDO	3.5513654	boldo pour preparations homeopathiques	8234	hasform
BOLDO	3.5513654	boldo  teinture de 	3131	hasform
BOLDO	3.5513654	boldo  extrait de  mou	11422	hasform
LITHIUM	3.5513654	lithium  gluconate de 	5002	hasform
LITHIUM	3.5513654	lithium  bromure de 	62449	hasform
LITHIUM	3.5513654	lithium  succinate de 	5006	hasform
LITHIUM	3.5513654	carbonate de lithium	4403	hasform
LITHIUM	3.5513654	lithium  phosphate de 	3876	hasform
LITHIUM	3.5513654	dihydrogenophosphate de lithium	3876	hasform
LITHIUM	3.5513654	gluconate de lithium	5002	hasform
LITHIUM	3.5513654	lithium  pidolate de 	40454	hasform
LITHIUM	3.5513654	citrate de lithium	3874	hasform
peginterferon alfa-2a	3.5266826	peginterferon beta 1a	63229	0
ALMOTRIPTAN	3.5254803	d l hydrogenomalate d almotriptan	50149	hasform
SORBITOL	3.5254803	sorbitol a 70 pour cent cristallisable	18343	hasform
SENE	3.479815	sene  extrait sec de 	97684	hasform
CHOLECALCIFEROL	3.4457154	concentrat de cholecalciferol  forme pulverulente	85054	hasform
CHOLECALCIFEROL	3.4457154	cholecalciferol  concentrat de   forme pulverulente	85054	hasform
CHOLECALCIFEROL	3.4457154	concentrat de cholecalciferol  forme huileuse	63291	hasform
CHOLECALCIFEROL	3.4457154	concentrat de cholecalciferol  forme hydrodispersible	50260	hasform
SCOPOLAMINE	3.4457154	scopolamine n oxyde  bromhydrate de 	753	hasform
BENZALKONIUM	3.4457154	benzalkonium  chlorure de   solution de	24735	hasform
BENZALKONIUM	3.4457154	solution de chlorure de benzalkonium	24735	hasform
INSULINE HUMAINE RECOMBINANTE ZINC CRISTALLINE	3.4435806	insuline humaine recombinante zinc amorphe	41469	0
CALCIUM	3.4051075	fenoprofene calcium	64768	0
CALCIUM	3.4051075	calcium polycarbophile	88669	0
INSULINE HUMAINE RECOMBINANTE ZINC	3.385169	insuline humaine recombinante isophane	39488	0
INSULINE HUMAINE RECOMBINANTE ZINC	3.385169	insuline humaine recombinante	15988	formof
INSULINE HUMAINE RECOMBINANTE ZINC	3.385169	insuline humaine recombinante neutre	93709	0
INSULINE HUMAINE RECOMBINANTE ZINC	3.385169	insuline humaine recombinante soluble	93709	0
CASCARA	3.3782742	cascara  ecorce de   poudre d  	4500	hasform
METHYLPREDNISOLONE	3.3782742	succinate de methylprednisolone et sodium	3697	hasform
ISOSORBIDE	3.3782742	solution de dinitrate d isosorbide	28348	hasform
ISOSORBIDE	3.3782742	isosorbide  dinitrate d    solution de 	28348	hasform
MENTHE	3.3782742	menthe poivree  huile essentielle de 	160	hasform
MENTHE	3.3782742	menthe poivree  partie aerienne de 	25288	hasform
MENTHE	3.3782742	huile essentielle de menthe poivree	160	hasform
INSULINE ASPARTE ISOPHANE BIPHASIQUE	3.3687344	insuline humaine recombinante isophane biphasique	62132	0
INSULINE ASPARTE ISOPHANE BIPHASIQUE	3.3687344	insuline lispro recombinante isophane biphasique	75353	0
INSULINE HUMAINE HEMISYNTHETIQUE ISOPHANE	3.3465135	insuline humaine recombinante isophane	39488	0
BOURDAINE	3.2683244	bourdaine  ecorce de   poudre d  	3998	hasform
BOURDAINE	3.2683244	poudre d ecorce de bourdaine	3998	hasform
EUCALYPTUS	3.2683244	eucalyptus  feuille d    poudre de 	78154	hasform
EUCALYPTUS	3.2683244	eucalyptus globulus pour preparations homeopathiques	5957	hasform
SALICYLATE	3.266093	eseridine  salicylate d  	4872	hasform
SALICYLATE	3.266093	picolamine  salicylate de 	3297	hasform
SALICYLATE	3.266093	eserine  salicylate d  	4891	hasform
SALICYLATE	3.266093	salicylate de picolamine	3297	hasform
SALICYLATE	3.266093	salicylate d amyle	5588	hasform
SALICYLATE	3.266093	phenylpropyle  salicylate de 	816	hasform
SALICYLATE	3.266093	salicylate de sodium	5557	hasform
SALICYLATE	3.266093	diethylamine  salicylate de 	2974	hasform
SALICYLATE	3.266093	salicylate de diethylamine	2974	hasform
INSULINE HUMAINE RECOMBINANTE ISOPHANE	3.2357104	insuline asparte recombinante isophane biphasique	24630	0
INSULINE HUMAINE RECOMBINANTE ISOPHANE	3.2357104	insuline lispro recombinante isophane biphasique	75353	0
RHUBARBE	3.2134004	rhubarbe  racine de   extrait sec de 	73376	hasform
DEXKETOPROFENE TROMETAMOL	3.1545193	dexketoprofene	30646	hasform
VITAMINE A	3.1411786	concentrat de vitamine a synthetique  forme huileuse	77887	hasform
VITAMINE A	3.1411786	vitamine a synthetique  concentrat de   forme pulverulente	60202	hasform
PEG-INTERFERON ALFA-2A	3.13863	interferon alfa 2a	2427	0
BOLDO	3.1074448	boldo  feuille de   poudre de 	97193	hasform
SENE	3.0448382	sene  feuille de   poudre de 	183	hasform
SENE	3.0448382	sene  follicule de   poudre de 	8970	hasform
SENE	3.0448382	sene  fruit de   poudre de 	8970	hasform
ZINC	3.028381	sulfate de zinc	931	hasform
ZINC	3.028381	zinc  chlorure de 	928	hasform
ZINC	3.028381	oxyde de zinc	929	hasform
ZINC	3.028381	peroxyde de zinc	930	hasform
ZINC	3.028381	chlorure de zinc	928	hasform
ZINC	3.028381	undecylenate de zinc	3627	hasform
ZINC	3.028381	zinc  gluconate de  trihydrate	4456	hasform
INSULINE	3.028381	insuline asparte recombinante isophane	51144	hasform
SORBITOL	3.0218403	sorbitol a 70 pour cent  non cristallisable 	1436	hasform
ALPHA-TOCOPHEROL	3.0083704	alpha tocopherol  concentrat d acetate d    forme pulverulente	93262	hasform
POTASSIUM	2.9650052	potassium  chlorure de 	93	hasform
POTASSIUM	2.9650052	chlorure de potassium	93	hasform
POTASSIUM	2.9650052	hydroxyde de potassium	96	hasform
POTASSIUM	2.9650052	clavulanate de potassium	29442	0
POTASSIUM	2.9650052	gaiacolsulfonate de potassium	2905	hasform
POTASSIUM	2.9650052	iodure de potassium	95	hasform
POTASSIUM	2.9650052	glycerophosphate de potassium anhydre	65539	hasform
POTASSIUM	2.9650052	permanganate de potassium	97	hasform
POTASSIUM	2.9650052	potassium  perrhenate de 	10427	hasform
INSULINE HUMAINE BIOSYNTHETIQUE ZINC	2.9544868	insuline humaine recombinante zinc	84517	0
REGLISSE	2.9534702	reglisse  racine de   extrait fluide de 	84683	hasform
VIRUS DES OREILLONS	2.9388614	virus des oreillons  souche rit 4385 derivee de la souche jeryl lynn  attenue	68555	hasform
INSULINE HUMAINE HEMISYNTHETIQUE ISOPHANE	2.9281993	insuline humaine recombinante isophane biphasique	62132	0
CASCARA	2.8956637	cascara  ecorce de   extrait sec de 	49212	hasform
CASCARA	2.8956637	cascara  racine de   extrait sec de 	53707	hasform
MENTHE	2.8956637	menthe poivree  feuille et tige de 	69790	hasform
VIRUS VIVANT ATTENUE DE LA GRIPPE	2.8910959	virus de la grippe reassorti  vivant  attenue  souche a california 7 2009  h1n1 pdm09   souche analogue  a bolivia 559 2013  medi 255962 	18561	hasform
VIRUS VIVANT ATTENUE DE LA GRIPPE	2.8910959	virus de la grippe reassorti  vivant  attenue  souche  b phuket 3073 2013  lignee yamagata    souche analogue  b phuket 3073 2013  medi 254977 	21431	hasform
VIRUS VIVANT ATTENUE DE LA GRIPPE	2.8910959	virus de la grippe reassorti  vivant  attenue  souche a switzerland 9715293 2013  h3n2    souche analogue  a switzerland 9715293 2013  medi 252385 	32311	hasform
VIRUS VIVANT ATTENUE DE LA GRIPPE	2.8910959	virus de la grippe reassorti  vivant  attenue  souche  b brisbane 60 2008  lignee victoria    souche analogue  b brisbane 60 2008  medi 228030 	56863	hasform
VIRUS VIVANT ATTENUE DE LA GRIPPE	2.8910959	virus de la grippe reassorti  vivant  attenue  souche a california 7 2009  h1n1 pdm09   souche analogue  a california 7 2009  medi 228029 	46696	hasform
VIRUS VIVANT ATTENUE DE LA GRIPPE	2.8910959	virus de la grippe reassorti  vivant  attenue  souche a victoria 361 2011  h3n2    souche analogue  a texas 50 2012  medi 237514 	86320	hasform
SENE DE L'INDE	2.8689086	sene de l inde ou de tinnevely  fruit de   extrait sec de 	91952	hasform
BOURDAINE	2.801421	extrait sec d ecorce de bourdaine	39511	hasform
BOURDAINE	2.801421	bourdaine  ecorce de   extrait mou d  	59605	hasform
BOURDAINE	2.801421	bourdaine  ecorce de   extrait fluide d  	49951	hasform
BOURDAINE	2.801421	bourdaine  racine de   extrait sec de 	42955	hasform
VIRUS VIVANT ATTENUE DE LA GRIPPE	2.759718	virus de la rubeole  souche wistar ra 27 3   vivant  attenue 	5239	0
VIRUS VIVANT ATTENUE DE LA GRIPPE	2.759718	virus de la rougeole  souche edmonston enders   vivant  attenue 	47161	0
BETAMETHASONE	2.726169	betamethasone  phosphate de  et de disodium	4509	hasform
DEXAMETHASONE	2.726169	ester monophosphorique acide anhydre de dexamethasone	73377	hasform
CALCIUM	2.724086	carbonate de calcium	428	hasform
CALCIUM	2.724086	calcium  glucoheptogluconate de 	3767	hasform
CALCIUM	2.724086	calcium  chlorure de 	430	hasform
CALCIUM	2.724086	calcium  pantothenate de 	5394	hasform
CALCIUM	2.724086	chlorure de calcium	430	hasform
CALCIUM	2.724086	calcium  carbonate de 	428	hasform
CALCIUM	2.724086	calcium  levofolinate de 	76079	hasform
SENE	2.6098614	sene  feuille de   extrait sec titre de	52488	hasform
SENE	2.6098614	sene  feuille de   extrait sec de 	54660	hasform
SENE	2.6098614	sene  feuille de   extrait fluide de 	75398	hasform
SENE	2.6098614	extrait sec titre de feuille de sene	52488	hasform
rougeole	2.587933	virus de la rougeole  souche edmonston enders   vivant  attenue 	47161	hasform
rougeole	2.587933	virus de la rougeole  souche edmonston 749 d   vivant  attenue 	47161	hasform
INSULINE HUMAINE BIOSYNTHETIQUE ZINC	2.585176	insuline humaine recombinante zinc cristalline	75951	0
INSULINE HUMAINE BIOSYNTHETIQUE ZINC	2.585176	insuline humaine recombinante zinc amorphe	41469	0
INSULINE HUMAINE RECOMBINANTE ISOPHANE BIPHASIQUE	2.5237184	insuline asparte recombinante isophane	51144	0
INSULINE HUMAINE RECOMBINANTE ISOPHANE BIPHASIQUE	2.5237184	insuline lispro recombinante isophane	67310	0
INSULINE HUMAINE HEMISYNTHETIQUE ISOPHANE BIPHASIQUE	2.45332	insuline asparte recombinante isophane biphasique	24630	0
INSULINE HUMAINE HEMISYNTHETIQUE ISOPHANE BIPHASIQUE	2.45332	insuline lispro recombinante isophane biphasique	75353	0
ROTAVIRUS	2.413053	rotavirus reassortant humain bovin de type g1  vivant 	20262	hasform
ROTAVIRUS	2.413053	rotavirus reassortant humain bovin de type g2  vivant 	36354	hasform
ROTAVIRUS	2.413053	rotavirus reassortant humain bovin de type g3  vivant 	46263	hasform
ROTAVIRUS	2.413053	rotavirus reassortant humain bovin de type g4  vivant 	57655	hasform
ROTAVIRUS	2.413053	rotavirus reassortant humain bovin de type p1a 8   vivant 	90361	hasform
INSULINE HUMAINE HEMISYNTHETIQUE ISOPHANE BIPHASIQUE	2.3311572	insuline humaine recombinante isophane	39488	0
INSULINE HUMAINE RECOMBINANTE ZINC CRISTALLINE	2.2080464	insuline humaine recombinante isophane	39488	0
INSULINE HUMAINE RECOMBINANTE ZINC CRISTALLINE	2.2080464	insuline humaine recombinante	15988	0
INSULINE HUMAINE RECOMBINANTE ZINC CRISTALLINE	2.2080464	insuline humaine recombinante neutre	93709	0
INSULINE HUMAINE RECOMBINANTE ZINC CRISTALLINE	2.2080464	insuline humaine recombinante soluble	93709	0
POTASSIUM (CITRATE DE)	2.1947694	potassium  chlorure de 	93	0
POTASSIUM (CITRATE DE)	2.1947694	chlorure de potassium	93	0
POTASSIUM (CITRATE DE)	2.1947694	hydroxyde de potassium	96	0
POTASSIUM (CITRATE DE)	2.1947694	clavulanate de potassium	29442	0
POTASSIUM (CITRATE DE)	2.1947694	gaiacolsulfonate de potassium	2905	0
POTASSIUM (CITRATE DE)	2.1947694	iodure de potassium	95	0
POTASSIUM (CITRATE DE)	2.1947694	glycerophosphate de potassium anhydre	65539	0
POTASSIUM (CITRATE DE)	2.1947694	permanganate de potassium	97	0
POTASSIUM (CITRATE DE)	2.1947694	potassium  perrhenate de 	10427	0
GEL D'HYDROXYDE D'ALUMINIUM ET DE CARBONATE DE MAGNESIUM CODESSECHES	2.191717	aluminium et de magnesium  hydroxydes et de carbonates d    gel sec d  	42711	0
SODIUM (CHLORURE DE)	2.1888533	solution aqueuse d hypochlorite de sodium et de chlorure de sodium	72843	part
INSULINE HUMAINE HEMISYNTHETIQUE ISOPHANE BIPHASIQU	2.185986	insuline humaine recombinante isophane	39488	0
ACIDE SALICYLIQUE	2.177915	alcool salicylique	15213	0
PERINDOPRIL TERT-BUTYLAMINE	2.1712737	perindopril	52431	formof
BCG	2.0703464	bcg  bacilles de calmette guerin   mycobacterium bovis  souche danoise 1331  vivante attenuee	82142	hasform
IMMUNOGLOBULINE DE LAPIN ANTI-LYMPHOCYTE T HUMAIN	1.9961559	immunoglobuline de lapin anti thymocytes humains	29318	same
INSULINE HUMAINE BIOSYNTHETIQUE	1.934335	insuline humaine recombinante isophane	39488	0
INSULINE HUMAINE BIOSYNTHETIQUE	1.934335	insuline humaine recombinante	15988	0
INSULINE HUMAINE BIOSYNTHETIQUE	1.934335	insuline humaine biogenetique	20351	0
INSULINE HUMAINE BIOSYNTHETIQUE	1.934335	insuline humaine recombinante zinc	84517	0
INSULINE HUMAINE BIOSYNTHETIQUE	1.934335	insuline humaine recombinante neutre	93709	0
INSULINE HUMAINE BIOSYNTHETIQUE	1.934335	insuline humaine recombinante soluble	93709	0
INSULINE HUMAINE HEMISYNTHETIQUE ISOPHANE BIPHASIQU	1.9127378	insuline humaine recombinante isophane biphasique	62132	0
INTERFERON ALFA	1.8850212	interferon alfacon 1	59292	0
SODIUM (CITRATE DIACIDE DE)	1.8840716	citrate de sodium acide	50340	same
GEL D'HYDROXYDE D'ALUMINIUM ET DE CARBONATE DE MAGNE	1.8748591	aluminium et de magnesium  hydroxydes et de carbonates d    gel sec d  	42711	0
GEL D'HYDROXYDE D'ALUMINIUM ET DE CARBONATE DE MAGNE	1.8248947	gel de phosphate d aluminium	4661	0
GEL D'HYDROXYDE D'ALUMINIUM ET DE CARBONATE DE MAGNE	1.8248947	aluminium  phosphate d    gel de	4661	0
SODIUM (BICARBONATE DE)	1.8155994	potassium  bicarbonate de 	4468	0
SODIUM (BICARBONATE DE)	1.8155994	bicarbonate de potassium	4468	0
MYCOPHENOLATE SODIQUE	1.7897457	mycophenolate mofetil  chlorhydrate de 	82477	0
IMMUNOGLOBULINES EQUINES ANTILYMPHOCYTE HUMAIN	1.7620422	immunoglobulines equines anticartilage porcin et antiparathyroides bovines	13455	0
INSULINE HUMAINE HEMISYNTHETIQUE D'ORIGINE PORCINE	1.7383728	pepsine d origine porcine	3114	0
HEPARINE SODIQUE	1.7292954	heparine phenylephrine meglumine	3206	0
VITAMINE A	1.713575	vitamine k 1	2113	0
VITAMINE A	1.713575	vitamine b6	2284	0
MAGNESIUM (HYDROXYDE DE)	1.6947384	chlorure de magnesium hexahydrate	3018	0
MAGNESIUM (HYDROXYDE DE)	1.6947384	lactate de magnesium dihydrate	20879	0
MAGNESIUM (HYDROXYDE DE)	1.6947384	pyrrolidonecarboxylate de magnesium	3505	0
MAGNESIUM (HYDROXYDE DE)	1.6947384	magnesium  lactate de  dihydrate	20879	0
MAGNESIUM (HYDROXYDE DE)	1.6947384	magnesium  glycerophosphate acide de 	40030	0
MAGNESIUM (HYDROXYDE DE)	1.6947384	magnesium  gluconate de  dihydrate	29239	0
MAGNESIUM (HYDROXYDE DE)	1.6947384	magnesium  pidolate de 	3505	0
DEXKETOPROFENE TROMETAMOL	1.6655154	fosfomycine trometamol	65061	0
DEXKETOPROFENE TROMETAMOL	1.6655154	lodoxamide trometamol	97986	0
ILOPROST TROMETAMOL	1.6655154	fosfomycine trometamol	65061	0
ILOPROST TROMETAMOL	1.6655154	lodoxamide trometamol	97986	0
INSULINE ASPARTE ISOPHANE BIPHASIQUE	1.6486062	insuline asparte recombinante	69676	0
POLY (STYRENESULFONATE DE CALCIUM)	1.6223464	poly dimethylsiloxane  100	25927	0
INSULINE HUMAINE HEMISYNTHETIQUE ISOPHANE	1.5931437	insuline asparte recombinante isophane	51144	0
GEL D'HYDROXYDE D'ALUMINIUM ET DE CARBONATE DE MAGNESIUM CODESSECHES	1.5873713	gel de phosphate d aluminium	4661	0
GEL D'HYDROXYDE D'ALUMINIUM ET DE CARBONATE DE MAGNESIUM CODESSECHES	1.5873713	aluminium  phosphate d    gel de	4661	0
INSULINE PORCINE	1.5608178	pancreas  poudre de   porcine 	35118	0
INSULINE PORCINE	1.5608178	pepsine d origine porcine	3114	0
SENE DE L'INDE	1.5500606	sene  extrait sec de 	97684	0
HEPARINE CALCIQUE	1.5417683	heparine phenylephrine meglumine	3206	0
PIROXICAM-BETADEX	1.5404489	ethinylestradiol betadex clathrate	24247	0
PIROXICAM-BETADEX	1.5404489	nicotine betadex  complexe 	81549	0
SODIUM (CHLORURE DE)	1.5237682	sodium  cromoglicate de 	473	0
SODIUM (CHLORURE DE)	1.5237682	tetradecyl sulfate de sodium	5558	0
SODIUM (CHLORURE DE)	1.5237682	sodium  citicoline de 	32947	0
SODIUM (CHLORURE DE)	1.5237682	sodium  phenylbutyrate de 	3048	0
SODIUM (CHLORURE DE)	1.5237682	hydroxyde de sodium	4549	0
SODIUM (CHLORURE DE)	1.5237682	glycerophosphate de sodium pentahydrate	95375	0
INTERFERON ALFA	1.508017	interferon beta 1a	47102	0
INTERFERON ALFA	1.508017	interferon beta 1b	37634	0
INTERFERON ALFA	1.508017	interferon gamma 1b	69007	0
SENE DE KHARTOUM	1.5036029	sene  extrait sec de 	97684	0
GEL D'HYDROXYDE D'ALUMINIUM ET DE CARBONATE DE MAGNSIUM CODESSCHS	1.4812055	aluminium et de magnesium  hydroxydes et de carbonates d    gel sec d  	42711	0
citrate de magnesium	1.4799048	citrate de betaine anhydre	29205	0
citrate de magnesium	1.4799048	citrate de tamoxifene	126	0
citrate de magnesium	1.4799048	citrate de fentanyl	1901	0
citrate de magnesium	1.4799048	citrate de sildenafil	34251	0
citrate de magnesium	1.4799048	tamoxifene  citrate de 	126	0
citrate de magnesium	1.4799048	citrate de betaine monohydrate	4752	0
SODIUM (CITRATE DE)	1.476444	sodium  cromoglicate de 	473	0
SODIUM (CITRATE DE)	1.476444	tetradecyl sulfate de sodium	5558	0
SODIUM (CITRATE DE)	1.476444	sodium  citicoline de 	32947	0
SODIUM (CITRATE DE)	1.476444	sodium  phenylbutyrate de 	3048	0
MAGNESIUM (TRISILICATE DE)	1.4719598	chlorure de magnesium hexahydrate	3018	0
MAGNESIUM (TRISILICATE DE)	1.4719598	lactate de magnesium dihydrate	20879	0
MAGNESIUM (TRISILICATE DE)	1.4719598	pyrrolidonecarboxylate de magnesium	3505	0
MAGNESIUM (TRISILICATE DE)	1.4719598	magnesium  lactate de  dihydrate	20879	0
MAGNESIUM (TRISILICATE DE)	1.4719598	magnesium  glycerophosphate acide de 	40030	0
MAGNESIUM (TRISILICATE DE)	1.4719598	magnesium  gluconate de  dihydrate	29239	0
BETA-PINENE	1.4696978	epoetine beta	16860	0
BETA-PINENE	1.4696978	follitropine beta	39318	0
BETA-PINENE	1.4696978	escine beta	54247	0
BETA-PINENE	1.4696978	agalsidase beta	40067	0
GEL D'HYDROXYDE D'ALUMINIUM ET DE CARBONATE DE MAGNSIUM CODESSCHS	1.4417319	gel de phosphate d aluminium	4661	0
GEL D'HYDROXYDE D'ALUMINIUM ET DE CARBONATE DE MAGNSIUM CODESSCHS	1.4417319	aluminium  phosphate d    gel de	4661	0
CHARBON ACTIVE	1.4387527	eptacog alfa  active 	71869	0
POVIDONE IODEE	1.4387527	albumine humaine iodee  125 i 	77753	0
PEG-INTERFERON ALFA-2A	1.4284371	interferon beta 1a	47102	0
BOTULIQUE (TOXINE)	1.4040184	toxine botulinique type a	20052	0
SENE DE L'INDE	1.3939452	sene  feuille de   poudre de 	183	0
SENE DE L'INDE	1.3939452	sene  follicule de   poudre de 	8970	0
SENE DE L'INDE	1.3939452	sene  fruit de   poudre de 	8970	0
HEPARINE CALCIQUE	1.3632108	atorvastatine calcique	50091	0
HEPARINE CALCIQUE	1.3632108	carbasalate calcique	3582	0
HEPARINE CALCIQUE	1.3632108	acamprosate calcique	79480	0
HEPARINE CALCIQUE	1.3632108	levofolinate calcique	76079	0
HEPARINE CALCIQUE	1.3632108	pitavastatine calcique	39413	0
HEPARINE CALCIQUE	1.3632108	zofenopril calcique	66422	0
peginterferon alfa-2a	1.3616908	interferon alfa 2a	2427	0
PERINDOPRIL TERT-BUTYLAMINE	1.3570461	perindopril arginine	69916	0
SENE DE KHARTOUM	1.3521665	sene  feuille de   poudre de 	183	0
SENE DE KHARTOUM	1.3521665	sene  follicule de   poudre de 	8970	0
SENE DE KHARTOUM	1.3521665	sene  fruit de   poudre de 	8970	0
RICINUS COMMUNIS	1.3356397	juniperus communis pour preparations homeopathiques	21200	0
KAOLIN LOURD	1.3324124	magnesium  carbonate de  lourd	25360	0
KAOLIN LOURD	1.3324124	magnesium  oxyde de  lourd	79568	0
KAOLIN LOURD	1.3324124	carbonate de magnesium lourd	25360	0
polystyrene sulfonate de calcium	1.3247823	catioresine sulfonate de phenyltoloxamine	2845	0
INSULINE HUMAINE BIOSYNTHETIQUE ZINC	1.3022015	insuline humaine recombinante isophane	39488	0
INSULINE HUMAINE BIOSYNTHETIQUE ZINC	1.3022015	insuline humaine recombinante	15988	0
POLY (STYRENESULFONATE DE CALCIUM)	1.2978771	poly alcool vinylique 	346	0
NADROPARINE CALCIQUE	1.2763319	atorvastatine calcique	50091	0
NADROPARINE CALCIQUE	1.2763319	carbasalate calcique	3582	0
NADROPARINE CALCIQUE	1.2763319	acamprosate calcique	79480	0
NADROPARINE CALCIQUE	1.2763319	levofolinate calcique	76079	0
NADROPARINE CALCIQUE	1.2763319	pitavastatine calcique	39413	0
NADROPARINE CALCIQUE	1.2763319	zofenopril calcique	66422	0
NADROPARINE CALCIQUE	1.2763319	rosuvastatine calcique	26727	0
NADROPARINE CALCIQUE	1.2763319	fosamprenavir calcique	31174	0
CASCARA SAGRADA	1.2590685	cascara  extrait sec de 	49212	0
acetyl sulfafurazol	1.2576776	n acetyl l cysteine	1014	0
acetyl sulfafurazol	1.2576776	n acetyl methionine	3387	0
BLEU DE METHYLENE	1.2047822	bleu trypan	3174	0
INTERFERON ALFA	1.2039763	alfa amylase	38315	0
INTERFERON ALFA	1.2039763	moroctocog alfa	80439	0
INTERFERON ALFA	1.2039763	poractant alfa	58587	0
INTERFERON ALFA	1.2039763	epoetine alfa	8173	0
ALPHA-PINENE	1.1997333	alpha terpineol	5229	0
ALPHA-PINENE	1.1997333	escine alpha	4557	0
ALPHA-PINENE	1.1997333	alpha amylcinnamaldehyde	11572	0
ALPHA-PINENE	1.1997333	alpha amylase	4689	0
SENE DE L'INDE	1.1948102	sene  feuille de   extrait sec titre de	52488	0
MITOMYCINE C	1.1883446	uree  13c 	98950	0
MITOMYCINE C	1.1883446	cytochrome c	478	0
INSULINE ASPARTE	1.1807396	insuline glulisine	54399	0
CANRENOATE DE POTASSIUM	1.1798936	potassium  chlorure de 	93	0
CANRENOATE DE POTASSIUM	1.1798936	chlorure de potassium	93	0
CANRENOATE DE POTASSIUM	1.1798936	hydroxyde de potassium	96	0
CANRENOATE DE POTASSIUM	1.1798936	clavulanate de potassium	29442	0
CANRENOATE DE POTASSIUM	1.1798936	gaiacolsulfonate de potassium	2905	0
CANRENOATE DE POTASSIUM	1.1798936	iodure de potassium	95	0
CANRENOATE DE POTASSIUM	1.1798936	glycerophosphate de potassium anhydre	65539	0
CANRENOATE DE POTASSIUM	1.1798936	permanganate de potassium	97	0
CANRENOATE DE POTASSIUM	1.1798936	potassium  perrhenate de 	10427	0
BETA-PINENE	1.1757582	peginterferon beta 1a	63229	0
BETA-PINENE	1.1757582	interferon beta 1a	47102	0
BETA-PINENE	1.1757582	interferon beta 1b	37634	0
INSULINE HUMAINE HEMISYNTHETIQUE D'ORIGINE PORCINE	1.1743606	insuline porcine hautement purifiee	282	0
SODIUM (BICARBONATE DE)	1.1712475	sodium  cromoglicate de 	473	0
SODIUM (BICARBONATE DE)	1.1712475	tetradecyl sulfate de sodium	5558	0
SODIUM (BICARBONATE DE)	1.1712475	sodium  citicoline de 	32947	0
SODIUM (BICARBONATE DE)	1.1712475	sodium  phenylbutyrate de 	3048	0
VIRUS DE LA VARICELLE	1.1594235	virus de la rage inactive  souche flury lep	19141	0
VIRUS DE LA VARICELLE	1.1594235	virus de la rubeole  souche wistar ra 27 3   vivant  attenue 	5239	0
VIRUS DE LA VARICELLE	1.1594235	virus de la rougeole  souche edmonston enders   vivant  attenue 	47161	0
VIRUS DE LA VARICELLE	1.1594235	virus de la grippe fragmente  inactive  souche b phuket 3073 2013	98865	0
VIRUS DE LA VARICELLE	1.1594235	virus de la rougeole  souche edmonston 749 d   vivant  attenue 	47161	0
VIRUS DE LA VARICELLE	1.1594235	virus de la grippe fragmente  inactive  souche b massachusetts 02 2012	88953	0
SENE DE KHARTOUM	1.1589999	sene  feuille de   extrait sec titre de	52488	0
SENE DE KHARTOUM	1.1589999	sene  feuille de   extrait sec de 	54660	0
SENE DE KHARTOUM	1.1589999	sene  feuille de   extrait fluide de 	75398	0
INSULINE PORCINE	1.1538268	insuline glulisine	54399	0
INSULINE PORCINE	1.1538268	insuline detemir	80150	0
immunoglobuline equine anti-thymocytes humains	1.1416011	fragment f ab  2 d immunoglobuline equine tetanique	25181	0
immunoglobuline equine anti-thymocytes humains	1.1416011	fragments f ab  2 d immunoglobuline equine rabique	3587	0
immunoglobuline equine anti-thymocytes humains	1.1395931	immunoglobuline humaine anti d	16046	0
INSULINE LISPRO	1.1372142	insuline glulisine	54399	0
INSULINE LISPRO	1.1372142	insuline detemir	80150	0
P A S SODIQUE	1.1361223	polyoside s  de neisseria meningitidis groupe a	49997	0
SODIUM (DOCUSATE DE)	1.1189233	sodium  cromoglicate de 	473	0
SODIUM (DOCUSATE DE)	1.1189233	tetradecyl sulfate de sodium	5558	0
SODIUM (DOCUSATE DE)	1.1189233	sodium  citicoline de 	32947	0
SODIUM (DOCUSATE DE)	1.1189233	sodium  phenylbutyrate de 	3048	0
SODIUM (DOCUSATE DE)	1.1189233	hydroxyde de sodium	4549	0
SODIUM (PICOSULFATE DE)	1.1189233	sodium  cromoglicate de 	473	0
SODIUM (PICOSULFATE DE)	1.1189233	tetradecyl sulfate de sodium	5558	0
SODIUM (PICOSULFATE DE)	1.1189233	sodium  citicoline de 	32947	0
SODIUM (PICOSULFATE DE)	1.1189233	sodium  phenylbutyrate de 	3048	0
SODIUM (PICOSULFATE DE)	1.1189233	hydroxyde de sodium	4549	0
SODIUM (AUROTHIOPROPANOLSULFONATE DE)	1.1189233	sodium  cromoglicate de 	473	0
SODIUM (AUROTHIOPROPANOLSULFONATE DE)	1.1189233	tetradecyl sulfate de sodium	5558	0
SODIUM (AUROTHIOPROPANOLSULFONATE DE)	1.1189233	sodium  citicoline de 	32947	0
SODIUM (AUROTHIOPROPANOLSULFONATE DE)	1.1189233	sodium  phenylbutyrate de 	3048	0
SODIUM (AUROTHIOPROPANOLSULFONATE DE)	1.1189233	hydroxyde de sodium	4549	0
CASCARA SAGRADA	1.1016849	cascara  ecorce de   poudre d  	4500	hasform
PERINDOPRIL TERT-BUTYLAMINE	1.0856369	tosilate de perindopril	46744	0
SODIUM (RICINOLEATE DE)	1.0801123	sodium  cromoglicate de 	473	0
SODIUM (RICINOLEATE DE)	1.0801123	tetradecyl sulfate de sodium	5558	0
SODIUM (RICINOLEATE DE)	1.0801123	sodium  citicoline de 	32947	0
SODIUM (RICINOLEATE DE)	1.0801123	sodium  phenylbutyrate de 	3048	0
SODIUM (RICINOLEATE DE)	1.0801123	hydroxyde de sodium	4549	0
SODIUM (RICINOLEATE DE)	1.0801123	glycerophosphate de sodium pentahydrate	95375	0
SODIUM (NITROPRUSSIATE DE)	1.0801123	sodium  cromoglicate de 	473	0
SODIUM (NITROPRUSSIATE DE)	1.0801123	tetradecyl sulfate de sodium	5558	0
SODIUM (NITROPRUSSIATE DE)	1.0801123	sodium  citicoline de 	32947	0
SODIUM (NITROPRUSSIATE DE)	1.0801123	sodium  phenylbutyrate de 	3048	0
SODIUM (NITROPRUSSIATE DE)	1.0801123	hydroxyde de sodium	4549	0
SODIUM (NITROPRUSSIATE DE)	1.0801123	glycerophosphate de sodium pentahydrate	95375	0
SODIUM (OXYBATE DE)	1.0801123	sodium  cromoglicate de 	473	0
SODIUM (OXYBATE DE)	1.0801123	tetradecyl sulfate de sodium	5558	0
SODIUM (OXYBATE DE)	1.0801123	sodium  citicoline de 	32947	0
SODIUM (OXYBATE DE)	1.0801123	sodium  phenylbutyrate de 	3048	0
SODIUM (OXYBATE DE)	1.0801123	hydroxyde de sodium	4549	0
SODIUM (OXYBATE DE)	1.0801123	glycerophosphate de sodium pentahydrate	95375	0
CHARBON ACTIVE	1.0790645	facteur vii active de coagulation humain	3308	0
ALTEPLASE RECOMBINANTE	1.0752308	mecasermine recombinante	77956	0
DI(ACEFYLLINE) DIPHENHYDRAMINE	1.0709467	acefylline heptaminol	3858	0
INSULINE GLARGINE	1.0588099	insuline glulisine	54399	0
INSULINE GLARGINE	1.0588099	insuline detemir	80150	0
INSULINE HUMAINE HEMISYNTHETIQUE ISOPHANE BIPHASIQU	1.0406622	insuline asparte recombinante isophane	51144	0
BETA-PINENE	1.0287884	methoxy polyethylene glycol epoetine beta	29076	0
P A S SODIQUE	1.0215497	rotavirus reassortant humain bovin de type p1a 8   vivant 	90361	0
POLYMYXINE B	1.0091403	vitamine b6	2284	0
POLYMYXINE B	1.0091403	vitamine b2	2331	0
POLYMYXINE B	1.0091403	vitamine b5	4113	0
POLYMYXINE B	1.0091403	vitamine b1	1823	0
ALCOOL (BOISSON OU EXCIPIENT)	0.98390055	alcool benzylique	33	0
ALCOOL (BOISSON OU EXCIPIENT)	0.98390055	dichlorobenzylique  alcool 	3152	0
ALCOOL (BOISSON OU EXCIPIENT)	0.98390055	alcool isopropylique	4655	0
ALCOOL (BOISSON OU EXCIPIENT)	0.98390055	alcool salicylique	15213	0
ALCOOL (BOISSON OU EXCIPIENT)	0.98390055	alcool cinnamique	74175	0
ALCOOL (BOISSON OU EXCIPIENT)	0.98390055	isopropylique  alcool 	4655	0
ALCOOL (BOISSON OU EXCIPIENT)	0.98390055	alcool propylique	5324	0
ALPHA-PINENE	0.95978665	alpha tocopherol  acetate d  	3602	0
ALPHA-PINENE	0.95978665	alpha 1 antitrypsine humaine	52951	0
AMPHOTERICINE B	0.9542402	vitamine b6	2284	0
AMPHOTERICINE B	0.9542402	vitamine b2	2331	0
AMPHOTERICINE B	0.9542402	vitamine b5	4113	0
AMPHOTERICINE B	0.9542402	vitamine b1	1823	0
MITOMYCINE C	0.95067567	proteine c humaine	99059	0
MITOMYCINE C	0.95067567	proteine c activee recombinante	95793	0
MITOMYCINE C	0.95067567	c i  42051 sodique	4768	0
MITOMYCINE C	0.95067567	inhibiteur de c1 humain	54435	0
piroxicam-betacyclodextrine (complexe)	0.9465024	complexe hydroxyde ferrique dextrane	77135	0
piroxicam-betacyclodextrine (complexe)	0.9465024	nicotine betadex  complexe 	81549	0
piroxicam-betacyclodextrine (complexe)	0.9465024	complexe fer dextrane	77135	0
CASCARA SAGRADA	0.94430137	cascara  ecorce de   extrait sec de 	49212	hasform
CASCARA SAGRADA	0.94430137	cascara  racine de   extrait sec de 	53707	hasform
acetyl sulfafurazol	0.94325817	n acetyl l aspartate de dipotassium	4704	0
acetyl sulfafurazol	0.94325817	acetyl aspartyl glutamique acide sel magnesien	16155	0
SODIUM (CITRATE DIACIDE DE)	0.9199442	sodium  cromoglicate de 	473	0
SODIUM (CITRATE DIACIDE DE)	0.9199442	tetradecyl sulfate de sodium	5558	0
SODIUM (CITRATE DIACIDE DE)	0.9199442	sodium  citicoline de 	32947	0
SODIUM (CITRATE DIACIDE DE)	0.9199442	sodium  phenylbutyrate de 	3048	0
sodium (polystyrene sulfonate de)	0.9090676	catioresine sulfonate de phenyltoloxamine	2845	0
GEL D'HYDROXYDE D'ALUMINIUM ET DE CARBONATE DE MAGNESIUM CODESSECHES	0.90599555	magnesium  carbonate de  lourd	25360	0
GEL D'HYDROXYDE D'ALUMINIUM ET DE CARBONATE DE MAGNESIUM CODESSECHES	0.90599555	magnesium  carbonate de  leger	25022	0
GEL D'HYDROXYDE D'ALUMINIUM ET DE CARBONATE DE MAGNESIUM CODESSECHES	0.90599555	carbonate de magnesium leger	25022	0
GEL D'HYDROXYDE D'ALUMINIUM ET DE CARBONATE DE MAGNESIUM CODESSECHES	0.90599555	carbonate de magnesium lourd	25360	0
GEL D'HYDROXYDE D'ALUMINIUM ET DE CARBONATE DE MAGNESIUM CODESSECHES	0.90599555	magnesium  carbonate de 	4413	0
BOTULIQUE (TOXINE)	0.8775115	sous unite b de la toxine cholerique recombinante	23835	0
ALTEPLASE RECOMBINANTE	0.86018467	insuline asparte recombinante isophane	51144	0
ALTEPLASE RECOMBINANTE	0.86018467	insuline asparte recombinante	69676	0
ALTEPLASE RECOMBINANTE	0.86018467	insuline humaine recombinante isophane	39488	0
ALTEPLASE RECOMBINANTE	0.86018467	insuline humaine recombinante	15988	0
ALTEPLASE RECOMBINANTE	0.86018467	insuline humaine recombinante zinc	84517	0
sodium (polystyrene sulfonate de)	0.8565519	sodium  cromoglicate de 	473	0
sodium (polystyrene sulfonate de)	0.8565519	tetradecyl sulfate de sodium	5558	0
sodium (polystyrene sulfonate de)	0.8565519	sodium  citicoline de 	32947	0
sodium (polystyrene sulfonate de)	0.8565519	sodium  phenylbutyrate de 	3048	0
INSULINE GLARGINE	0.84704787	insuline asparte recombinante isophane	51144	0
p a s sodique anhydre	0.8462034	polyoside s  de neisseria meningitidis groupe a	49997	0
KAOLIN LOURD	0.8327577	bismuth  sous nitrate de  lourd pour preparations homeopathiques	56283	0
MITOMYCINE C	0.83184123	bacterie b c g lyophilise	97363	0
P A S SODIQUE	0.8289974	chondroitine  sulfate de  a sodique	3759	0
piroxicam-betacyclodextrine (complexe)	0.8281896	chlorophylline cuivrique  complexe sodique de 	4206	0
piroxicam-betacyclodextrine (complexe)	0.8281896	complexe sulfate ferreux glycine pentahydrate	88477	0
piroxicam-betacyclodextrine (complexe)	0.8281896	complexe d hydroxyde ferrique   saccharose	21962	0
piroxicam-betacyclodextrine (complexe)	0.8281896	nicotine  complexe avec la polacriline 	30981	0
GEL D'HYDROXYDE D'ALUMINIUM ET DE CARBONATE DE MAGNE	0.81817776	aluminium et sodium  silicate d  	3148	0
ALCOOL (BOISSON OU EXCIPIENT)	0.78712046	poly alcool vinylique 	346	0
acetyl sulfafurazol	0.7860485	sodium  n acetyl l aspartyl l glutamate de 	66916	0
acetyl sulfafurazol	0.7860485	acide n acetyl aspartyl glutamique  sel de sodium 	66916	0
CHARBON VEGETAL OFFICINAL	0.7831747	chiendent officinal	40182	0
CHARBON VEGETAL OFFICINAL	0.7831747	tanin officinal	3165	0
CATIORESINE SULFO SODIQUE	0.77340645	catioresine carboxylate de nicotine	30981	0
CATIORESINE SULFO SODIQUE	0.77340645	catioresine sulfonate de phenyltoloxamine	2845	0
CATIORESINE SULFO SODIQUE	0.77340645	nicotine  catioresine carboxylate de 	30981	0
CATIORESINE SULFO SODIQUE	0.77340645	catioresine carboxylate de noscapine	3202	0
CATIORESINE SULFO SODIQUE	0.77340645	catioresine carboxylate de promethazine	3595	0
HEPARINE SODIQUE	0.7719842	metamizole sodique	2489	0
HEPARINE SODIQUE	0.7719842	amoxicilline sodique	872	0
HEPARINE SODIQUE	0.7719842	montelukast sodique	86162	0
HEPARINE SODIQUE	0.7719842	sulforutoside sodique	3087	0
HEPARINE SODIQUE	0.7719842	ceftriaxone sodique	30925	0
HEPARINE SODIQUE	0.7719842	fosinopril sodique	39196	0
AMPHOTERICINE B	0.76339215	polymyxine b  sulfate de 	3434	0
AMPHOTERICINE B	0.76339215	sulfate de polymyxine b	3434	0
immunoglobuline equine anti-thymocytes humains	0.7610674	fragments f ab  2 d immunoglobuline equine antivenimeuse de vipere europeenne   venin de vipera berus	41725	0
immunoglobuline equine anti-thymocytes humains	0.7610674	fragments f ab  2 d immunoglobuline equine antivenimeuse de vipere europeenne   venin de vipera aspis	62332	0
immunoglobuline equine anti-thymocytes humains	0.7610674	fragments f ab  2 d immunoglobuline equine antivenimeuse de vipere europeenne   venin de vipera ammodytes	64832	0
p a s sodique anhydre	0.76086766	rotavirus reassortant humain bovin de type p1a 8   vivant 	90361	0
MYCOPHENOLATE SODIQUE	0.75649345	metamizole sodique	2489	0
MYCOPHENOLATE SODIQUE	0.75649345	amoxicilline sodique	872	0
MYCOPHENOLATE SODIQUE	0.75649345	montelukast sodique	86162	0
MYCOPHENOLATE SODIQUE	0.75649345	sulforutoside sodique	3087	0
MYCOPHENOLATE SODIQUE	0.75649345	ceftriaxone sodique	30925	0
MYCOPHENOLATE SODIQUE	0.75649345	fosinopril sodique	39196	0
VIRUS DE LA FIEVRE JAUNE	0.73715717	virus de la rage inactive  souche flury lep	19141	0
VIRUS DE LA FIEVRE JAUNE	0.73715717	virus de la rubeole  souche wistar ra 27 3   vivant  attenue 	5239	0
VIRUS DE LA FIEVRE JAUNE	0.73715717	virus de la rougeole  souche edmonston enders   vivant  attenue 	47161	0
VIRUS DE LA FIEVRE JAUNE	0.73715717	virus de la grippe fragmente  inactive  souche b phuket 3073 2013	98865	0
VIRUS DE LA FIEVRE JAUNE	0.73715717	virus de la rougeole  souche edmonston 749 d   vivant  attenue 	47161	0
VIRUS DE LA FIEVRE JAUNE	0.73715717	virus de la grippe fragmente  inactive  souche b massachusetts 02 2012	88953	0
VIRUS DE LA FIEVRE JAUNE	0.73715717	virus de la grippe fragmente  inactive  souche b brisbane 60 2008	80577	0
GEL D'HYDROXYDE D'ALUMINIUM ET DE CARBONATE DE MAGNE	0.7268125	hydroxyde d aluminium	2940	0
GEL D'HYDROXYDE D'ALUMINIUM ET DE CARBONATE DE MAGNE	0.7268125	aluminium  hydroxyde d   colloidal	24479	0
DI(ACEFYLLINE) DIPHENHYDRAMINE	0.7237579	ether di hydroxybutylique 	2970	0
DI(ACEFYLLINE) DIPHENHYDRAMINE	0.7237579	calcium  di oxoglurate de 	4785	0
P A S SODIQUE	0.7189679	carbomere 974p	52310	0
DALTEPARINE SODIQUE	0.7115443	metamizole sodique	2489	0
DALTEPARINE SODIQUE	0.7115443	amoxicilline sodique	872	0
DALTEPARINE SODIQUE	0.7115443	montelukast sodique	86162	0
DALTEPARINE SODIQUE	0.7115443	sulforutoside sodique	3087	0
DALTEPARINE SODIQUE	0.7115443	ceftriaxone sodique	30925	0
DALTEPARINE SODIQUE	0.7115443	fosinopril sodique	39196	0
DALTEPARINE SODIQUE	0.7115443	epoprostenol sodique	92529	0
DANAPAROIDE SODIQUE	0.7115443	metamizole sodique	2489	0
DANAPAROIDE SODIQUE	0.7115443	amoxicilline sodique	872	0
DANAPAROIDE SODIQUE	0.7115443	montelukast sodique	86162	0
DANAPAROIDE SODIQUE	0.7115443	sulforutoside sodique	3087	0
DANAPAROIDE SODIQUE	0.7115443	ceftriaxone sodique	30925	0
DANAPAROIDE SODIQUE	0.7115443	fosinopril sodique	39196	0
DANAPAROIDE SODIQUE	0.7115443	epoprostenol sodique	92529	0
LIOTHYRONINE SODIQUE	0.7115443	metamizole sodique	2489	0
LIOTHYRONINE SODIQUE	0.7115443	amoxicilline sodique	872	0
LIOTHYRONINE SODIQUE	0.7115443	montelukast sodique	86162	0
LIOTHYRONINE SODIQUE	0.7115443	sulforutoside sodique	3087	0
LIOTHYRONINE SODIQUE	0.7115443	ceftriaxone sodique	30925	0
LIOTHYRONINE SODIQUE	0.7115443	fosinopril sodique	39196	0
LIOTHYRONINE SODIQUE	0.7115443	epoprostenol sodique	92529	0
p a s sodique anhydre	0.7031372	pantoprazole sodique anhydre	61182	0
p a s sodique anhydre	0.7031372	ceftriaxone sodique anhydre	19091	0
ACIDE ALENDRONIQUE	0.7002798	malique  acide 	2947	0
ACIDE MEDRONIQUE	0.7002798	malique  acide 	2947	0
ACIDE NICOTINIQUE	0.7002798	malique  acide 	2947	0
ACIDE NIFLUMIQUE	0.7002798	malique  acide 	2947	0
ACIDE RISEDRONIQUE	0.7002798	malique  acide 	2947	0
ACIDE TIAPROFENIQUE	0.7002798	malique  acide 	2947	0
ACIDE URSODESOXYCHOLIQUE	0.7002798	malique  acide 	2947	0
ACIDE ACETYLSALICYLIQUE	0.7002798	malique  acide 	2947	0
ACIDE ACETYLSALICYLIQUE	0.7002798	clavulanique  acide 	93286	0
ACIDE ACETYLSALICYLIQUE	0.7002798	acide lactique	688	0
ACIDE ASCORBIQUE	0.7002798	malique  acide 	2947	0
ACIDE ASCORBIQUE	0.7002798	clavulanique  acide 	93286	0
ACIDE ASCORBIQUE	0.7002798	acide lactique	688	0
ACIDE FOLINIQUE	0.7002798	malique  acide 	2947	0
ACIDE FOLIQUE	0.7002798	malique  acide 	2947	0
ACIDE FOLIQUE	0.7002798	clavulanique  acide 	93286	0
ACIDE VALPROIQUE	0.7002798	malique  acide 	2947	0
GEL D'HYDROXYDE D'ALUMINIUM ET DE CARBONATE DE MAGNE	0.6873529	arginine et de potassium  phosphocitroglutamate d  	25974	0
IMMUNOGLOBULINE DE LAPIN ANTI-LYMPHOCYTE T HUMAIN	0.6822367	immunoglobuline humaine anti d	16046	0
ACIDE CHENODESOXYCHOLIQUE	0.6755239	malique  acide 	2947	0
ACIDE CHENODESOXYCHOLIQUE	0.6755239	clavulanique  acide 	93286	0
ACIDE CHOLIQUE	0.6755239	malique  acide 	2947	0
ACIDE CHOLIQUE	0.6755239	clavulanique  acide 	93286	0
ACIDE MEFENAMIQUE	0.6755239	malique  acide 	2947	0
ACIDE MEFENAMIQUE	0.6755239	clavulanique  acide 	93286	0
ACIDE PAMIDRONIQUE	0.6755239	malique  acide 	2947	0
ACIDE PAMIDRONIQUE	0.6755239	clavulanique  acide 	93286	0
ACIDE TILUDRONIQUE	0.6755239	malique  acide 	2947	0
ACIDE TILUDRONIQUE	0.6755239	clavulanique  acide 	93286	0
CONSOMMATION D'ALCOOL	0.6734959	alcool benzylique	33	0
CONSOMMATION D'ALCOOL	0.6734959	dichlorobenzylique  alcool 	3152	0
CONSOMMATION D'ALCOOL	0.6734959	alcool isopropylique	4655	0
CONSOMMATION D'ALCOOL	0.6734959	alcool salicylique	15213	0
CONSOMMATION D'ALCOOL	0.6734959	alcool cinnamique	74175	0
CONSOMMATION D'ALCOOL	0.6734959	isopropylique  alcool 	4655	0
CONSOMMATION D'ALCOOL	0.6734959	alcool propylique	5324	0
VIRUS RUBEOLEUX	0.6496276	virus poliomyelitique inactive type 1	28730	0
GEL D'HYDROXYDE D'ALUMINIUM ET DE CARBONATE DE MAGNSIUM CODESSCHS	0.64638954	aluminium et sodium  silicate d  	3148	0
P A S SODIQUE	0.64418685	proteine s	71362	0
polystyrene sulfonate de calcium	0.6421395	carbonate de calcium	428	0
polystyrene sulfonate de calcium	0.6421395	calcium  glucoheptogluconate de 	3767	0
polystyrene sulfonate de calcium	0.6421395	calcium  chlorure de 	430	0
polystyrene sulfonate de calcium	0.6421395	calcium  pantothenate de 	5394	0
polystyrene sulfonate de calcium	0.6421395	chlorure de calcium	430	0
polystyrene sulfonate de calcium	0.6421395	calcium  carbonate de 	428	0
ACIDE AMIDOTRIZOIQUE	0.6365602	malique  acide 	2947	0
ACIDE AMIDOTRIZOIQUE	0.6365602	clavulanique  acide 	93286	0
ACIDE AMIDOTRIZOIQUE	0.6365602	acide lactique	688	0
ACIDE CLODRONIQUE	0.6365602	malique  acide 	2947	0
ACIDE CLODRONIQUE	0.6365602	clavulanique  acide 	93286	0
ACIDE CLODRONIQUE	0.6365602	acide lactique	688	0
ACIDE ETIDRONIQUE	0.6365602	malique  acide 	2947	0
ACIDE ETIDRONIQUE	0.6365602	clavulanique  acide 	93286	0
ACIDE ETIDRONIQUE	0.6365602	acide lactique	688	0
ACIDE IOXAGLIQUE	0.6365602	malique  acide 	2947	0
ACIDE IOXAGLIQUE	0.6365602	clavulanique  acide 	93286	0
ACIDE IOXAGLIQUE	0.6365602	acide lactique	688	0
ACIDE IOXITALAMIQUE	0.6365602	malique  acide 	2947	0
ACIDE IOXITALAMIQUE	0.6365602	clavulanique  acide 	93286	0
ACIDE IOXITALAMIQUE	0.6365602	acide lactique	688	0
ACIDE OXIDRONIQUE	0.6365602	malique  acide 	2947	0
ACIDE OXIDRONIQUE	0.6365602	clavulanique  acide 	93286	0
ACIDE OXIDRONIQUE	0.6365602	acide lactique	688	0
PEG-INTERFERON ALFA-2A	0.6347815	interferon alfacon 1	59292	0
DI(ACEFYLLINE) DIPHENHYDRAMINE	0.63328815	acide 4 5 di acetyloxy anthraquinone 2 carboxylique	77060	0
CHARBON VEGETAL OFFICINAL	0.62653977	ammonium  carbonate d   officinal	26030	0
CHARBON VEGETAL OFFICINAL	0.62653977	sulfate de sodium officinal	7430	0
CHARBON VEGETAL OFFICINAL	0.62653977	formaldehyde  solute officinal de 	4307	0
p a s sodique anhydre	0.6174514	chondroitine  sulfate de  a sodique	3759	0
VIRUS ROUGEOLEUX	0.61377937	virus poliomyelitique inactive type 1	28730	0
VIRUS DES OREILLONS	0.60496026	aloes des barbades	91478	0
PERINDOPRIL TERT-BUTYLAMINE	0.60014737	resine p tert butylphenolformaldehyde	84780	0
P A S SODIQUE	0.57517433	resine p tert butylphenolformaldehyde	84780	0
P A S SODIQUE	0.57517433	phosphate  32p  de sodium	52037	0
GEL D'HYDROXYDE D'ALUMINIUM ET DE CARBONATE DE MAGNSIUM CODESSCHS	0.5742077	hydroxyde d aluminium	2940	0
GEL D'HYDROXYDE D'ALUMINIUM ET DE CARBONATE DE MAGNSIUM CODESSCHS	0.5742077	aluminium  hydroxyde d   colloidal	24479	0
GEL D'HYDROXYDE D'ALUMINIUM ET DE CARBONATE DE MAGNE	0.572794	aubepine  feuille et fleur d    extrait sec de	67402	0
CHARBON VEGETAL OFFICINAL	0.5482223	scolopendre officinal pour preparations homeopathiques	21575	0
CHARBON VEGETAL OFFICINAL	0.5482223	iode  solute alcoolique d   officinal	4615	0
GEL D'HYDROXYDE D'ALUMINIUM ET DE CARBONATE DE MAGNSIUM CODESSCHS	0.54303324	arginine et de potassium  phosphocitroglutamate d  	25974	0
DI(ACEFYLLINE) DIPHENHYDRAMINE	0.5428184	di oxo 5 pyrrolidone carboxylate 2  de zinc	27299	0
CONSOMMATION D'ALCOOL	0.5387967	poly alcool vinylique 	346	0
p a s sodique anhydre	0.5354996	carbomere 974p	52310	0
VIRUS DES OREILLONS	0.52934027	reine des pres  fleur de 	15051	0
peginterferon alfa-2a	0.52010214	alfa amylase	38315	0
peginterferon alfa-2a	0.52010214	moroctocog alfa	80439	0
peginterferon alfa-2a	0.52010214	poractant alfa	58587	0
peginterferon alfa-2a	0.52010214	epoetine alfa	8173	0
peginterferon alfa-2a	0.52010214	agalsidase alfa	35374	0
peginterferon alfa-2a	0.52010214	octocog alfa	55385	0
P A S SODIQUE	0.5153495	 s  lactate de sodium	45730	0
PEG-INTERFERON ALFA-2A	0.5078252	interferon beta 1b	37634	0
PEG-INTERFERON ALFA-2A	0.5078252	interferon gamma 1b	69007	0
VIRUS VARICELLE-ZONA	0.50072575	virus poliomyelitique inactive type 1	28730	0
ABCIXIMAB (C 7E3B FAB)	0.49361846	bacterie b c g lyophilise	97363	0
VIRUS RUBEOLEUX	0.4872207	virus poliomyelitique souche mef 1 de type 2 inactive	7542	0
VIRUS RUBEOLEUX	0.4872207	virus poliomyelitique souche saukett de type 3 inactive	20245	0
VIRUS RUBEOLEUX	0.4872207	virus poliomyelitique souche mahoney de type 1 inactive	28730	0
VIRUS RUBEOLEUX	0.4872207	virus rabique  souche pm wi38 1503 3m inactive	53377	0
ALCOOL (BOISSON OU EXCIPIENT)	0.48696408	silice excipient	24729	0
immunoglobuline equine anti-thymocytes humains	0.48300922	chondrocytes humains autologues	62391	0
p a s sodique anhydre	0.4798014	proteine s	71362	0
VIRUS ROUGEOLEUX	0.46033454	virus poliomyelitique souche mef 1 de type 2 inactive	7542	0
VIRUS ROUGEOLEUX	0.46033454	virus poliomyelitique souche saukett de type 3 inactive	20245	0
VIRUS ROUGEOLEUX	0.46033454	virus poliomyelitique souche mahoney de type 1 inactive	28730	0
VIRUS ROUGEOLEUX	0.46033454	virus rabique  souche pm wi38 1503 3m inactive	53377	0
VIRUS DES OREILLONS	0.45372018	saule des vanniers  feuille  pour preparations homeopathiques	50878	0
VIRUS DES OREILLONS	0.45372018	reine des pres  sommite fleurie de 	30556	0
VIRUS DES OREILLONS	0.45372018	ache des marais  racine d    poudre	57137	0
VIRUS DES OREILLONS	0.45372018	prele des champs  partie aerienne sterile de 	97735	0
VIRUS DES OREILLONS	0.45372018	sommite fleurie de reine des pres	30556	0
GEL D'HYDROXYDE D'ALUMINIUM ET DE CARBONATE DE MAGNSIUM CODESSCHS	0.4525277	aubepine  feuille et fleur d    extrait sec de	67402	0
p a s sodique anhydre	0.42839965	resine p tert butylphenolformaldehyde	84780	0
VIRUS RUBEOLEUX	0.40601727	virus de l hepatite a souche hm175 inactive adsorbe	17091	0
VIRUS RUBEOLEUX	0.40601727	virus de la rage inactive  souche flury lep	19141	0
PEG-INTERFERON ALFA-2A	0.40543938	alfa amylase	38315	0
PEG-INTERFERON ALFA-2A	0.40543938	moroctocog alfa	80439	0
PEG-INTERFERON ALFA-2A	0.40543938	poractant alfa	58587	0
POLY (STYRENESULFONATE DE CALCIUM)	0.39075387	carbonate de calcium	428	0
POLY (STYRENESULFONATE DE CALCIUM)	0.39075387	calcium  glucoheptogluconate de 	3767	0
POLY (STYRENESULFONATE DE CALCIUM)	0.39075387	calcium  chlorure de 	430	0
POLY (STYRENESULFONATE DE CALCIUM)	0.39075387	calcium  pantothenate de 	5394	0
POLY (STYRENESULFONATE DE CALCIUM)	0.39075387	chlorure de calcium	430	0
POLY (STYRENESULFONATE DE CALCIUM)	0.39075387	calcium  carbonate de 	428	0
POLY (STYRENESULFONATE DE CALCIUM)	0.39075387	calcium  levofolinate de 	76079	0
POLY (STYRENESULFONATE DE CALCIUM)	0.39075387	gluconate de calcium	432	0
VIRUS ROUGEOLEUX	0.3836121	virus de l hepatite a souche hm175 inactive adsorbe	17091	0
VIRUS ROUGEOLEUX	0.3836121	virus de la rage inactive  souche flury lep	19141	0
VIRUS VARICELLE-ZONA	0.3755443	virus poliomyelitique souche mef 1 de type 2 inactive	7542	0
VIRUS VARICELLE-ZONA	0.3755443	virus poliomyelitique souche saukett de type 3 inactive	20245	0
VIRUS VARICELLE-ZONA	0.3755443	virus poliomyelitique souche mahoney de type 1 inactive	28730	0
VIRUS VARICELLE-ZONA	0.3755443	virus rabique  souche pm wi38 1503 3m inactive	53377	0
CATIORESINE SULFO SODIQUE	0.36143062	metamizole sodique	2489	0
CATIORESINE SULFO SODIQUE	0.36143062	amoxicilline sodique	872	0
CATIORESINE SULFO SODIQUE	0.36143062	montelukast sodique	86162	0
CATIORESINE SULFO SODIQUE	0.36143062	sulforutoside sodique	3087	0
IMMUNOGLOBULINE DE LAPIN ANTI-LYMPHOCYTE T HUMAIN	0.3604732	inhibiteur de c1 humain	54435	0
IMMUNOGLOBULINES EQUINES ANTILYMPHOCYTE HUMAIN	0.35795546	fibrinogene humain	163	0
IMMUNOGLOBULINES EQUINES ANTILYMPHOCYTE HUMAIN	0.35795546	plasminogene humain	186	0
ABCIXIMAB (C 7E3B FAB)	0.33155304	e 464	19576	0
IMMUNOGLOBULINE DE LAPIN ANTI-LYMPHOCYTE T HUMAIN	0.32833558	immunoglobuline humaine de l hepatite b	65268	0
IMMUNOGLOBULINE DE LAPIN ANTI-LYMPHOCYTE T HUMAIN	0.315414	facteur vii de coagulation humain	78167	0
IMMUNOGLOBULINE DE LAPIN ANTI-LYMPHOCYTE T HUMAIN	0.315414	facteur ii de coagulation humain	3307	0
IMMUNOGLOBULINE DE LAPIN ANTI-LYMPHOCYTE T HUMAIN	0.315414	facteur x de coagulation humain	3309	0
IMMUNOGLOBULINE DE LAPIN ANTI-LYMPHOCYTE T HUMAIN	0.315414	facteur ix de coagulation humain	3310	0
IMMUNOGLOBULINES EQUINES ANTILYMPHOCYTE HUMAIN	0.28636438	glucagon humain biogenetique	99868	0
IMMUNOGLOBULINES EQUINES ANTILYMPHOCYTE HUMAIN	0.28636438	inhibiteur de c1 humain	54435	0
ABCIXIMAB (C 7E3B FAB)	0.26624128	fragment fab d immunoglobuline antidigitalique ovin	39359	0
ABCIXIMAB (C 7E3B FAB)	0.25450504	uree  13c 	98950	0
ABCIXIMAB (C 7E3B FAB)	0.25450504	cytochrome c	478	0
IMMUNOGLOBULINES EQUINES ANTILYMPHOCYTE HUMAIN	0.25056884	facteur vii de coagulation humain	78167	0
IMMUNOGLOBULINES EQUINES ANTILYMPHOCYTE HUMAIN	0.25056884	facteur ii de coagulation humain	3307	0
IMMUNOGLOBULINES EQUINES ANTILYMPHOCYTE HUMAIN	0.25056884	facteur x de coagulation humain	3309	0
IMMUNOGLOBULINES EQUINES ANTILYMPHOCYTE HUMAIN	0.25056884	facteur ix de coagulation humain	3310	0
ABCIXIMAB (C 7E3B FAB)	0.20360403	proteine c humaine	99059	0
DINITRATE D'ISOSORBIDE	0.14330418	d phenothrine	1378	0
DINITRATE D'ISOSORBIDE	0.14330418	d camphre	15095	0
CONSOMMATION D'ALCOOL	0.13241814	d phenothrine	1378	0
BLEU DE METHYLENE	0.06350398	hamamelis de virginie  feuille de   extrait de 	66251	0
BLEU DE METHYLENE	0.06350398	badiane de chine  fruit de   poudre de 	27327	0
BLEU DE METHYLENE	0.06350398	badiane de chine  fruit de   teinture de 	72162	0
BLEU DE METHYLENE	0.060492583	boldo  feuille de   poudre de 	97193	0
BLEU DE METHYLENE	0.060492583	solution de digluconate de chlorhexidine	33959	0
BLEU DE METHYLENE	0.060492583	sodium  lactate de   solution de	5009	0
